,"{'learning_rate': 0.001, 'batch_size': 64, 'gamma': 0.99, 'buffer_size': 1000000, 'tau': 0.005}","{'learning_rate': 0.0005, 'batch_size': 128, 'gamma': 0.98, 'buffer_size': 500000, 'tau': 0.01}","{'learning_rate': 0.0001, 'batch_size': 256, 'gamma': 0.97, 'buffer_size': 100000, 'tau': 0.02}","{'learning_rate': 0.002, 'batch_size': 32, 'gamma': 0.96, 'buffer_size': 500000, 'tau': 0.005}","{'learning_rate': 0.00025, 'batch_size': 64, 'gamma': 0.95, 'buffer_size': 1000000, 'tau': 0.01}","{'learning_rate': 0.00075, 'batch_size': 128, 'gamma': 0.94, 'buffer_size': 500000, 'tau': 0.005}","{'learning_rate': 0.0002, 'batch_size': 256, 'gamma': 0.93, 'buffer_size': 100000, 'tau': 0.02}","{'learning_rate': 0.0015, 'batch_size': 32, 'gamma': 0.92, 'buffer_size': 500000, 'tau': 0.01}","{'learning_rate': 0.0003, 'batch_size': 64, 'gamma': 0.91, 'buffer_size': 1000000, 'tau': 0.015}","{'learning_rate': 0.0008, 'batch_size': 128, 'gamma': 0.9, 'buffer_size': 500000, 'tau': 0.01}"
0,0.0,0.0,0.0,0.0,0.0,0.0,0.0,0.0,0.0,0.0
1,0.006905256580856894,0.004989306956822583,0.0073073858550861655,0.007516577977259752,0.00984365623671453,0.004981209680348051,0.0060203085184742135,0.0030728208420992657,0.005434377606885013,0.006683285138196484
2,-0.00805724273399948,-0.0056412670812607795,-0.0070611393562695175,-0.005962194221489589,-0.0033297845544014125,-0.005531122962909265,-0.009127317123000094,-0.012265681674089826,-0.00700124054312081,-0.00909153707824718
3,-0.0021812959724086317,-0.0026468514272839382,-0.0030635242719421283,-0.0025608521573978163,-0.003926806601315084,-0.002799731651655967,-0.004125203768314094,-0.004394047154967395,-0.003922419685402066,-0.002775179801004358
4,0.003599574767179032,0.0017662887827983894,-0.0013171682988745693,0.0077717901451175835,-5.640914446052481e-05,0.004346269764109708,-0.001014094517748553,0.0004317427906585399,0.00281222756363196,-0.0018152240037433822
5,-0.005082925377211878,-0.0019257980845957198,-0.002584247578895839,-0.002480439353702723,-0.0042632699136508564,-0.003325174884089291,-0.006743707148446868,-0.0031967062970729462,-0.0017870093284864175,-0.00753400783802126
6,0.004047719692326883,0.005594259893173106,0.005495326683980254,0.005349052429525365,0.006070690887631154,0.0052946824431715335,0.00787934773957188,0.007998735981869246,0.0073126377312131485,0.0037689753032143004
7,0.0025193407871564725,-8.093774041628482e-05,0.0019879727353355643,-0.00028695218782630945,-0.0005364298268194695,0.0005735492821571988,0.00021223143300243827,0.0012915133966889146,0.0002573518228007237,0.0009754340652492001
8,-0.0030075026738798083,-0.0049390260859440436,-0.010227740021003285,-0.00439533988904167,-0.0003934594243062931,-0.007398361629666624,-0.006768122282471348,-0.008655592388856595,-0.008372410181780142,-0.006401801001958703
9,-0.003378986870016185,-0.0010969244367002068,0.0021128058040611563,-0.004109659159235158,-0.004122555886715313,-0.00031451160284351774,-0.004389329035970141,-0.0009315375633142454,-0.0010397303940123653,-0.00241347043997418
10,-0.011798205267600245,-0.014808850565315428,-0.012177037695916736,-0.01571270012693194,-0.013720555183296632,-0.014965589245240688,-0.01537004062307336,-0.01676048826941317,-0.01753511652388139,-0.014356656552788123
11,-0.0072117711700524405,-0.011851191410731413,-0.008247525803950564,-0.006219549941555262,-0.011926376437250238,-0.009687276870728916,-0.010866554406387422,-0.013244647750991781,-0.00853632934614587,-0.010296083567201896
12,-0.00819072360616454,-0.011135981950238691,-0.010759007812594404,-0.008789452790703551,-0.011142629043402841,-0.00970252509311565,-0.010701953072189945,-0.011498190937464134,-0.00863477304618555,-0.009051680841578784
13,-0.013309901362531724,-0.013613568868679015,-0.011391161460194433,-0.010490778916816483,-0.010059366938759487,-0.013776779354460573,-0.014317219601399886,-0.01528341080641254,-0.016453559551538086,-0.013137459180648353
14,-0.0013445976402093555,-0.0015586721689316648,-4.885815499466684e-06,-6.424715693306936e-05,0.0029343868341269,-0.0008456602503581817,0.0003634659336312601,0.0011207479063766988,-0.0017609744730781745,-0.0012573749629688376
15,0.004509920557151982,-0.0034898251400680555,-0.0019202987986604626,-0.0011992994026392048,0.0006116256015719888,-0.0034109279533054114,-0.0012230054145953232,-0.006053541828291534,-0.0034612282621065246,-0.00021757503193283478
16,-0.00453856614831587,-0.00231375375120058,1.4970264595519364e-05,-0.007066421861435863,-0.005378250734431059,-0.003538582496119311,-0.005572309611794685,-0.0023464066416026648,-0.003218543037365418,-0.00219086754454029
17,-0.0016320087452544381,-0.005793081786350074,-0.003796868635195505,0.0009567703121788575,-0.006409393979886502,-0.0021791137840996354,-0.0036521188667616336,-0.008653130128221527,-0.002354362848482328,-0.003895832830954398
18,0.016023592841717792,0.016367509827777182,0.016554777585144665,0.009265462812569404,0.00853105291975115,0.018982287944346515,0.0203946154179439,0.01939553304731045,0.021883613966084882,0.019601253235444652
19,0.012270438974229532,0.013484289373490905,0.012613552090799035,0.012212221142455435,0.012880005520819506,0.01388189207189112,0.018511393637500175,0.017275345319146526,0.015635719737004325,0.015512163256801175
20,0.008598086818141185,0.007484433897992917,0.005615944856261126,0.006310936065570707,0.009283096170101415,0.006845156918815117,0.008563457519296498,0.008108944694610135,0.00684077329221849,0.008112102618614007
21,0.005960370068074929,0.008016411807831931,0.007849941717072097,0.004357653049253042,0.0067275371363109005,0.006795548353910456,0.005694002413685819,0.006831409418963995,0.007653697379659676,0.009009926097805248
22,-0.0134616640388136,-0.018677048163903854,-0.016844384233751977,-0.01194329648711895,-0.010823114026001298,-0.01699834477086597,-0.015362887730438974,-0.018459146673962108,-0.01996522183102181,-0.012506792888935315
23,0.00014747935722993308,-0.0015438626850941544,-0.0006611316401248676,-0.0004978375091669261,-0.0023512914889173477,-9.0361580284437e-05,0.0001312761470584959,0.001561821487841992,0.0009598571262623104,-0.000443486891429467
24,0.001047324141769558,0.0020329991644624044,0.0018697417977317633,0.0012550811386284732,0.004443951246055563,0.001360404163559344,0.0032742627539697196,0.0026717019226138814,0.0012655118201324925,0.0016752674039537923
25,0.006571826120661255,0.010887527424136454,0.01089625397570256,0.007007273470704512,0.007512054421624535,0.010272761465370399,0.008371371738234427,0.008879144567335706,0.008412692058035224,0.007372042020955774
26,0.008932080774402626,0.0110537561259846,0.011929782433341684,0.008643995067821897,0.008377622024511878,0.011010207987908084,0.01318100431465417,0.015221102652061249,0.012661523230147999,0.013006183774521188
27,-0.013653874650075315,-0.015033855091174785,-0.016771702365901878,-0.01405400040475101,-0.010884395924991179,-0.014685453070352307,-0.014142523382916068,-0.014840662638823976,-0.015197988663486883,-0.013110649851729984
28,-0.012792217002694789,-0.017653692030757857,-0.01696127992417827,-0.011809165360096328,-0.014492009012967173,-0.018235740827750882,-0.020284387803588808,-0.02158008382110096,-0.01979296047918104,-0.017832922163833507
29,-0.005895184546640788,-0.005228986358144069,-0.004703422963848116,-0.007337282799067378,-0.005258332461246087,-0.00507748970628536,-0.004970567474757446,-0.004389649663468367,-0.004865053955223558,-0.00246210228122644
30,0.01244044861111505,0.018796031236028576,0.017478334613211674,0.011540293342052161,0.013231115410070963,0.019760138633220927,0.02103891362535293,0.02245955446298845,0.021285479641120326,0.018985988296448472
31,-0.0005995155961289944,-0.0015783003623882736,-0.0009032468057337608,-0.002115816231180068,-0.0016773003082695354,-0.0012390088390990968,-0.0017713043890112553,-0.0013323214171287944,-0.0015078354021105804,0.00044906465233673806
32,-0.015717272083410918,-0.01669470964815002,-0.020625253641328545,-0.020008523241183643,-0.012975371518256984,-0.01961151299730483,-0.025236986850797793,-0.022945758253807874,-0.019646172421158008,-0.020171206411747425
33,-0.007135102053158713,-0.009415836674561681,-0.010501237866079965,-0.006413216085608194,-0.008445591753847476,-0.007200773612117454,-0.009671799958849613,-0.010104401658867267,-0.008069037119935145,-0.00865669375263801
34,-0.00901394753981388,-0.010879090450777035,-0.00969821553719359,-0.00961067453585416,-0.016949977620328835,-0.011585052292033859,-0.01328653244409316,-0.012334727159933462,-0.011933778875807863,-0.011599340773266477
35,-0.013616201542675215,-0.014572889796057371,-0.013092271617010065,-0.011719132261863816,-0.010954474433995992,-0.015480676618676078,-0.015187496480116091,-0.01719550300048913,-0.016084805429275952,-0.015703700715750207
36,0.002103177362267361,0.005145425467926992,0.008118807434283552,-0.0011437355000087307,0.0014076787254461167,0.004637566720822691,0.006922304600164519,0.012385847143935627,0.007840907910436823,0.0028538978736872603
37,0.02540874773154367,0.024244758796488373,0.025283431074520867,0.029336443326105573,0.02395663546001385,0.02500487429373608,0.025609725812805743,0.021270643916832574,0.026662097639800892,0.024576298415068486
38,-0.0035910364305441994,-0.003169611830993718,-0.001988602855816525,-0.005501498881643974,-0.002958783059572859,-0.003328660169123226,-0.004411250355297389,-0.002671517501770081,-0.0016737534186631775,-0.004862403083723458
39,-0.018066095739572855,-0.022889858634563207,-0.018529199306256766,-0.014097100612919317,-0.01818032378623539,-0.023005599402740568,-0.02643032407898085,-0.026145929718111412,-0.023957085492254147,-0.024845385406695602
40,0.01585290534378951,0.019216816474422437,0.01965490954486342,0.01977674038979999,0.02107844523356597,0.017789119555627363,0.016847424628165256,0.021118858021396566,0.01611492869862462,0.017856444895265364
41,-0.0013509216327888495,-0.0028281080649292327,-0.0027068493630651113,0.0012641704925743505,-0.0034570473179168213,-0.004463225040367289,-0.006777927827226266,-0.008475092479342335,-0.004812804816288269,-0.005386905099905918
42,-0.0051730061175877876,-0.005617142430886621,-0.0052416281946244606,-0.001061770811760019,-0.0026638539600418775,-0.007315466446657779,-0.01053294415320572,-0.009454407470195988,-0.007495665469698116,-0.010240328046159717
43,-0.02453026195959962,-0.026826454935894403,-0.02507318497985118,-0.01644156307576878,-0.024741486324766228,-0.028244569447681504,-0.034600105116759816,-0.03354371973159736,-0.0295458859464476,-0.031677436436326305
44,-0.002081264858601859,-0.0025266239131250595,-0.00229697010889677,-0.0020435066734875123,-0.00030934914820161786,-0.004588385969295921,-0.003381748196743021,-0.001044513660849399,-0.0061246113595712585,-0.003922697774880749
45,0.018995365108262108,0.02281100512401355,0.022474787763170818,0.017925757559974043,0.016146827294320033,0.026234284433868854,0.028672670284109865,0.02899878066282116,0.02859105167538756,0.025666482983959096
46,-0.00188368232930481,-0.004272987220336397,-0.004819771249765671,-0.0049300659041478625,-0.0004184825336057492,-0.006189931127720985,-0.0051762045441410345,-0.006016762505668633,-0.006452885540025764,-0.0042821747230333
47,-0.006460743834511336,-0.007066209763327615,-0.007670377869964034,-0.00932578051068568,-0.006325856935971938,-0.006926140167487149,-0.009991681668512716,-0.008958429687201458,-0.009598579297220427,-0.008038463612702903
48,0.0012745302739844257,-0.002319597307097509,-0.0042757465150135366,-0.0015044244128045651,-0.002228622513387207,-0.002397856086250586,-0.0015039910307737235,-0.005630209378323755,-0.0003671388343941611,-0.0020494436014035747
49,0.01715798391406591,0.021283654432240152,0.019000439403176025,0.013079028890304064,0.013667249821990251,0.02251020851291421,0.022128112778576403,0.022165156412189024,0.024317113808671104,0.02413084114603397
50,0.015735345291796744,0.0178775915502019,0.017746570661424477,0.012151167905389518,0.015917534266670894,0.01822982602623098,0.02312700268208545,0.024329353026600876,0.01827160889380448,0.02040463496892965
51,0.0106194331198411,0.010688194136001772,0.012872599987744622,0.01150286578002453,0.012027995127417207,0.01179725646968172,0.012214638110696197,0.011879810358305942,0.010785705991890429,0.010894449938460275
52,0.007204928414340416,0.010321243898125871,0.012465056225473678,0.004189857867258914,0.007883087618717834,0.011500523538631085,0.01437374297643189,0.014115547809614345,0.012291169578078687,0.010292009124238239
53,-0.004301793581493252,-0.004479282226184911,-0.0016009204943080026,-8.290926321122997e-05,-0.0058279490182026146,-0.004736753419573863,-0.0067956846409898235,-0.006052449737718751,-0.00542373732775862,-0.004196871458287454
54,0.007482022670551637,0.006952336024515517,0.0066091049994309045,0.006492418995002031,0.007440249450570539,0.007280697443535803,0.008433411098534587,0.009222188805880233,0.007383243188241274,0.007190032865816896
55,-0.011820490570955458,-0.013072726314665896,-0.011492626718035531,-0.009603932322896863,-0.01204229724803152,-0.014153671294160666,-0.01577436669362545,-0.01575450993034691,-0.016029500639703632,-0.012784329955986686
56,0.010458987129868588,0.01642769160374451,0.017540355120283253,0.009174083753196241,0.01229277813179631,0.013843183245745221,0.016259345372980707,0.018337779642891138,0.015526174132194117,0.01474697879830133
57,0.0058647578669239675,0.004812843054154701,0.004135729262303949,0.005289382120575652,0.004458251212819963,0.0038116253347350703,0.002932339119685834,0.0024563124347970707,0.0036146418291482124,0.004043382103205817
58,0.0028285169278801656,0.0036274043367413083,0.004401521582648773,0.00027008533776365384,0.0011117753907345597,0.0046632362045606925,0.0037635889561017976,0.004147835764334553,0.004467726523413175,0.003892029998639858
59,0.009181004782288501,0.011610418350444896,0.011264359489985807,0.007923289834017432,0.010284155837673137,0.01275457063306198,0.015208177379001028,0.014572420707924659,0.012005706445724577,0.012348812761917214
60,-0.0002747706772548192,-0.0014566902280548663,-0.0043255669097437685,-0.0018117872652084323,-0.0013573311676929952,-0.003033510805507745,-0.0053179143286710764,-0.005320665273171316,-0.004467512964885443,-0.002476969872070416
61,-0.014117527318681057,-0.015858625776975617,-0.017203630292951466,-0.01803228174026429,-0.018720764832166743,-0.01519836338842757,-0.01826329959837429,-0.017935707984970344,-0.016030371839853574,-0.014768500777558981
62,0.004763104923720091,9.425425396354312e-05,-0.0004455425378224126,0.0018292247008201822,-0.0002468175590976023,0.0011323753596179165,0.00021627283963806794,-0.002588066087220625,0.0021445728349723686,0.00264979511081876
63,0.00315304385393209,0.0033033462855374084,0.0051045292155261855,0.0030448291783030652,0.0018876660990614776,0.003525848634968998,0.002914422695604667,0.005802327980725851,0.003655245594001688,0.0029272491002097787
64,-0.009390202832962888,-0.010753045486594875,-0.010412105281440983,-0.008271062573815605,-0.009025256731837138,-0.011476783059527025,-0.012369759731931725,-0.015094324346200476,-0.012307842762664181,-0.010717672198629912
65,-0.002698817459545827,-0.004912158728161483,-0.00586350104913161,-0.000610943139879646,-0.0022263321354372327,-0.00702776254742781,-0.008895169388160509,-0.012940161526307633,-0.00842180294018951,-0.008244508101802925
66,0.0008914761284431001,0.002606305819752194,0.003148120309714459,0.002229036700834741,0.004615553893253446,0.0029102393524914794,0.0005927087159868218,0.0013273834324117706,0.0017918974270689826,0.00029655009128817924
67,0.0013761426435960815,-0.0017742273817535088,-0.0017290027535708334,0.005396728281615535,0.0040763962522201635,-0.0013100410869424756,-0.0019787830445374068,-0.003274084817829355,-0.0014676798410809934,-0.0005238302792911812
68,-0.012142847415691453,-0.015775479754189196,-0.01681008922477703,-0.010499334651974557,-0.013389952740659499,-0.015509870003915243,-0.014634916886252125,-0.01675252653767311,-0.01622544829789543,-0.01450830306161645
69,-0.0027131945344218123,-0.005053647457681128,-0.0038006595660703447,-0.0015186818122538649,-0.0006989232508489595,-0.0056091574760213665,-0.005141244550172549,-0.0056520925925015175,-0.005759419852930186,-0.004706705327580812
70,0.010162332625244054,0.013819766840081836,0.011890908170106265,0.005822379923849201,0.013219111450064791,0.012165213109352693,0.012494172093072254,0.013271989675379516,0.012556793035796498,0.013199170683086818
71,-0.0030817871814291966,-0.0018552443363554654,-0.0033206104688341723,-0.004428549210733579,0.0014119150686629626,-0.0024095689967904613,-0.003845619069537887,-0.004389349567609034,-0.007478561892314574,-0.001285484360212423
72,-0.0010380525354945092,0.0005228882787457522,0.0011884822775205782,6.968715348211006e-05,0.0011726473716814358,-0.00036606478788322533,4.6478052026636754e-05,0.0028436916091665997,-0.0007191174134705244,0.0012736935187589516
73,0.015958156974034673,0.017633993964654864,0.016519867767015167,0.015439503876188376,0.01704942635865959,0.01718667829386194,0.020448325184341684,0.018860116387074643,0.01741924228437586,0.017796959099873656
74,0.008061932893976855,0.005012535342904982,0.0038770586916908336,0.006991404203318129,0.0076541858572539605,0.004675872318475684,0.0013845942501676356,0.0031256596047515577,0.004462131786298932,0.004598262127379342
75,-0.010664891201924511,-0.01019362314614354,-0.014764063424773885,-0.011151152004397218,-0.01079427261940465,-0.012574888992856852,-0.013278772680327093,-0.01465131828441544,-0.013860510205058246,-0.012002588110084929
76,-0.027935665204736733,-0.028881571426443438,-0.028466551944012194,-0.03015035874451832,-0.029759874560521097,-0.02905822604448119,-0.028700686293039405,-0.0317366003694818,-0.02677102809890803,-0.031703144755517706
77,0.005076307071452275,0.007863648349592389,0.007910724079555462,0.0023438411937770224,0.00403321873054828,0.008615720253313058,0.007197478253583639,0.007921292664421422,0.00973325611768601,0.0063229645274533956
78,-0.024113465836773172,-0.026736302886858188,-0.02619882772395983,-0.02237308775349603,-0.024753291676681537,-0.026949580436906272,-0.029341001295201688,-0.03064493123831247,-0.02635205130407538,-0.029636412618572184
79,-0.0005782108975471451,-0.0028511691892705226,0.0039947581623527096,-0.0018716241045181852,-0.005018877890843476,-0.0009174324917250647,-0.0027795822971494587,-0.00025047711832212486,-0.002150270675430299,-0.0008773476389017319
80,0.019340520664357565,0.020754029351821426,0.02397455450262837,0.02080825483052786,0.0204817510567144,0.022677442418589072,0.026237578056448798,0.02612319589561509,0.025923857705281935,0.021889070593479026
81,-0.027579366150540734,-0.028993005799385668,-0.03307356717136897,-0.030987506608913536,-0.03176265163616475,-0.03029102423917162,-0.03334272927849961,-0.036009007430095635,-0.030504802309882117,-0.030961544464122713
82,0.0016646881410526705,0.005123387737162832,0.005081911053408297,0.003706068450892123,0.003685519363561481,0.0032188970042201213,0.003968357211600813,0.007826849575856037,0.004745199009220176,0.003375054003515233
83,0.0036707031887405275,0.0015159540566024828,-0.00020696789960907724,0.006820778256556613,0.003388802795151254,0.0008563069006332945,0.0029271707420144423,0.0019918135699601444,0.0018878447708506358,0.0013651164692115318
84,0.02824507635140778,0.02813744030995042,0.02828321289737632,0.029340226798076168,0.029272424728830123,0.027401181846744303,0.029418990021901778,0.03081542736045007,0.02781152550186249,0.02702431458767469
85,-0.02911617718012193,-0.032298310097739466,-0.03351522989943208,-0.02929681014155298,-0.030008969708697084,-0.0336431333612363,-0.036989691743271325,-0.0385599027542215,-0.03483003167357405,-0.03408446757734406
86,-0.0025608303902614937,-0.005863380050979102,-0.003365455149057404,0.001330658221123347,-0.004634729812557706,-0.004531569961630236,-0.00600701280869984,-0.006755464828375186,-0.004624981020780399,-0.0049097846194516665
87,-0.02570650908019237,-0.02488013962985316,-0.027449041311484967,-0.018159799003694795,-0.024878888168057813,-0.026711845731873442,-0.028610968000855833,-0.03280658790200823,-0.02770289019410433,-0.029880337983226216
88,-0.0029507765887122474,0.0011753499264551717,0.0032353861595303727,-0.0034909223019776547,-0.004259685624059421,0.0014372007417371854,-0.00045982720229418043,0.0027570554374230947,0.0036366472518592624,-0.00047563884203867865
89,-0.008452122241534712,-0.011051630412759828,-0.011168743021655983,-0.010754719325201435,-0.009346066422093808,-0.011462993038605684,-0.013642797875424783,-0.014518348187415262,-0.01358792716403149,-0.012257169101746228
90,-0.00632195025769105,-0.007103076617564325,-0.0061114283473908465,-0.0027584313244361676,-0.0059916468968132346,-0.008043751326779505,-0.00875041025856885,-0.011523551666473075,-0.00936003713588491,-0.010683101105520447
91,0.015195116807283388,0.019291516325185557,0.02138595302655583,0.014649907487060248,0.01919035029899298,0.021398165617610036,0.024335899164729745,0.026049704419531704,0.022227663041194327,0.02265924991227457
92,0.0013080599918638455,-0.0019707566411632164,0.00010860812812922839,0.0037000830799292003,-5.033703166585923e-05,-0.001984500470880936,-0.004312014640009373,-0.005068463690020792,-0.0026237197889280497,-0.0019227555392075013
93,0.010686217898898894,0.016428390813475392,0.016505367294832617,0.013772188113536303,0.011964409552109527,0.019564445627279207,0.0206411788296355,0.023553662358476456,0.021223151819040463,0.020390295012437717
94,-0.03627096303187832,-0.03928863712819136,-0.04112983662508396,-0.03617042291325316,-0.04567198229274471,-0.03931378381831046,-0.04081739582567732,-0.042944671717153764,-0.04006545203136829,-0.037939814649068586
95,-0.009510977186658621,-0.01265487705788283,-0.008881358235529747,-0.009516551390579496,-0.00846640411243361,-0.0128813510679694,-0.007558963913095398,-0.01384238386261037,-0.013251496816630754,-0.006582589883483423
96,-0.0014405203300854096,-0.0005457169748544689,0.0022386573564452217,0.00034752810282536,-0.0018062147309393947,0.0016966027480589403,0.00024886855358647144,-0.0009029124655691643,0.0009490774257127713,-0.002561682730600548
97,0.023044246018169103,0.019699825247803858,0.020180273560410317,0.022471564916414978,0.021375487434976415,0.020200273564118163,0.020142736937448228,0.021425014439105737,0.020102143027328382,0.021986863543330393
98,0.0018475614225833205,-0.0027666782553195267,-0.002414550179632863,0.0025936551953348328,-0.0001883012415710146,-0.0033544428947277502,-0.006842290850104969,-0.006922509614594311,-0.0055961526755505765,-0.003356855828070846
99,0.0072591833135131935,0.008600869019305075,0.009881819155834894,0.005642184295544335,0.009645065010440637,0.008620127732942144,0.010447138549255141,0.012350537955365143,0.008606633921652068,0.00968651496918981
100,0.01623603474793134,0.019666938631411356,0.018421654666976504,0.01352747387754331,0.02148458419089012,0.01876336743052844,0.022110966957839574,0.023789625058314952,0.01833490250693864,0.020549992979078033
101,0.017921090151484582,0.02016000607847538,0.019764445119714223,0.016830327720970498,0.018792534439240154,0.01972582525217329,0.021041643367198336,0.02199035528142293,0.02002260509909148,0.021084874531612362
102,-0.006902275287170198,-0.004216183995561846,-0.005230890291546747,-0.007096779862189921,-0.005559030146187842,-0.005306120121343183,-0.004912123099570958,-0.0052575060914503745,-0.00828472449957602,-0.004102207106266573
103,-0.0014386212462281953,-0.008192713615613547,-0.0016530453760712992,-0.0002924881462955198,-0.007613667296360451,-0.002846830873655074,-0.0034275891451605763,-0.0011155182204686687,-0.0028126866752735792,-0.007165467974991046
104,0.017308021016920506,0.016607096296034095,0.01675642034162281,0.013032633538429036,0.017509658943583965,0.018345443605648364,0.023992421102925744,0.02352036133092129,0.02083874108895985,0.019345277328572788
105,-0.00885288108306242,-0.01240811588852526,-0.011814830339081398,-0.01084474085467127,-0.010582042807315051,-0.011445718574038305,-0.014299318947113383,-0.014295143399991803,-0.013128954828182158,-0.012453395316952755
106,0.0003490726080737817,0.00027014048976516027,-0.0009196261475978881,0.0011214905077701158,0.0003085854927592645,-0.00027491913685397535,0.0007271815323546687,0.0005240440078010541,0.0006362554699903291,0.0010658894101213698
107,0.008911135814133046,0.00683849956718338,0.009214833938540164,0.009270911245545703,0.0059212586352115695,0.008524104403449887,0.00793389372423973,0.008349450542481016,0.008688253289569223,0.009163316980678602
108,-0.007125856984129032,-0.010607144267536698,-0.008009822902255522,-0.006263700504628416,-0.010035013868485076,-0.007609476117616931,-0.008244081478856424,-0.009879611095341571,-0.009709069283164779,-0.007885358839615877
109,-0.020361107905843015,-0.02257324732631544,-0.02189301439449386,-0.020023909663428395,-0.021174976418376252,-0.022511615970053644,-0.023059292278217538,-0.023966370575731026,-0.022162654916953916,-0.023856625348840168
110,-0.02465581474570832,-0.026205481231873398,-0.025333695359535814,-0.025790367802181385,-0.024971882689039715,-0.027648645394811235,-0.03144066816885054,-0.03175162439558396,-0.02846505675115215,-0.02925583055402832
111,-0.032141592741773826,-0.030840104712339986,-0.034634638054750734,-0.030231886157578224,-0.030903238973181552,-0.03371719589588874,-0.03526708575027945,-0.03702173561343579,-0.03512205434848113,-0.03455846390793925
112,-0.0028008045066190276,-7.450890043377543e-05,-0.003728583648589023,-0.007354900228915005,-0.0021991722819168858,-0.0018841968979642703,-0.00048796411090623067,0.001085588838774293,-0.0024269946584831695,-0.001131017054724861
113,0.011924155685989899,0.016686180587525575,0.011268972236006161,0.007888325151843673,0.01365274611226305,0.016877326406990002,0.019234502369413264,0.020504935401201154,0.01893918295207642,0.01729663266316374
114,-0.022951298813056523,-0.024683095836027052,-0.031169226419921894,-0.024863142209246708,-0.026635225154248474,-0.025566324170095602,-0.028515267381494593,-0.030895675755392024,-0.02331366636999153,-0.025700353817398613
115,0.00041329790055268665,0.0019089272457948878,0.001324666430705664,-0.004623449270944866,-0.0028991213149186608,0.004041490432303446,0.0042384510275053225,0.003980571252419431,0.004371540742727341,0.0035741453055354146
116,0.0233399100439341,0.021923542093913735,0.02432602609346222,0.025341165985821375,0.02065691061665588,0.022671221104293152,0.020701342838093238,0.021671370307747774,0.022816992268752133,0.02316388888263811
117,-0.0035090968402142634,-0.003586771094116878,-0.004061643046897897,-0.0025251041658524917,-0.0061068590341777015,-0.0011650604186582538,4.897496414707154e-05,-0.0046024255578553264,0.0008381376097554371,-0.002381202562445611
118,0.003439553907793301,0.003986522651532148,0.005505546306107946,0.005626413820106326,0.0015065316847590491,0.006639895368686676,0.006671530213302877,0.0027267896141127553,0.007021157498180677,0.005418479867425556
119,0.02576115577552682,0.028734474190616234,0.029012591767834918,0.025331928559382464,0.02742376020379905,0.03119612198712991,0.03433798103494903,0.03520556421009547,0.0319481396598008,0.029004481509928775
120,-0.0030234682566192923,-0.003169201235991458,-0.0029714659035383843,-0.0006145490908604181,-0.0008109935174300622,-0.004539356903513309,-0.006422068765895294,-0.005404385793583674,-0.0049446073783803056,-0.005130979461654792
121,-0.014663207924501568,-0.02000407936009829,-0.022033673332778815,-0.015651767002312633,-0.01646226453403779,-0.021910857204527685,-0.023764870347923458,-0.02249192170912143,-0.02114696759887965,-0.019966206918484976
122,-0.0013020963190198583,-0.001025173548415072,-0.0016752540007160923,-8.032941595007245e-05,-0.0006380060690830801,0.0006054455027056149,-0.00025799363423566614,-0.0012747417823811378,-0.0007512315562395849,0.0010935518935329478
123,-0.008749499548139243,-0.012101842606199294,-0.013130223295184982,-0.015034500669566943,-0.011985524337939897,-0.01383119837679704,-0.014756405548119909,-0.015394748756606407,-0.013292422080388899,-0.009591542646935333
124,0.011074589416327054,0.005220093797102868,0.005410075592430783,0.009874372914940375,0.008483489682898818,0.007662438107638712,0.00676217901561593,0.004665400724493572,0.008154599182608586,0.007075010770997124
125,-0.006102927695210904,-0.0007685951100845277,0.0004658600746305809,-0.004620657192438259,-0.0034565628847048635,-0.00041059765415831574,0.0016168341491714544,0.000581668826006538,-0.0018152487802177751,-0.0015718869879918003
126,0.0010541332790552737,0.001257540032931564,0.0006682425686609446,-0.00016262485256185384,-0.0019199926262863738,0.0008840799523113836,-0.0003833250443682267,0.0009541625634243123,0.0023633802848340617,0.0011370575293058877
127,0.012288641505609627,0.015304355336486001,0.01674377169768085,0.012748843752264802,0.015865259352836288,0.015380047270965962,0.015643878233990348,0.019064917779171422,0.012763585934152031,0.01492774415003489
128,-0.0019802587034497138,-0.0016859341599746414,-0.002162994023519881,-0.004034967813786367,-0.002390534088264297,-0.0020993042003102204,-0.002725419795609621,-0.0023184607088933464,-0.002418234411663859,-0.0018028132037590022
129,-0.005115629992774026,-0.00804686388897619,-0.008912293424568422,-0.006372008785692182,-0.008758404463742429,-0.0073199107350365505,-0.008348336186801118,-0.01072963445971604,-0.005890501581239249,-0.00899996324607174
130,-0.0050379817678001095,-0.0021757381618729694,-0.009113931036202446,-0.0047595093885505705,-2.0511013182897774e-05,-0.004884025737795072,-0.0014485946418954828,-0.0038592132884895207,-0.004025499252039479,-0.0027735990713938503
131,-0.006676211571752439,-0.004504712784317989,-0.0037703784927804367,-0.00790136920995805,-0.0048152959447582706,-0.0045799500434594055,-0.0066636699479715265,-0.005664348545371153,-0.006944032365476205,-0.0037834614163124564
132,-0.0031983980186681663,-0.0024615124888703495,-0.004339931007975346,-0.007557691649744848,-0.00415268844137752,-0.004554964039396273,-0.003926456088986693,-0.0042204875472482495,-0.0032012868967407444,-0.0034170093039024092
133,0.01982478629437405,0.02106134269383017,0.021465614523017332,0.02323597725622482,0.021163223151280445,0.02132563205486627,0.024317334907581416,0.024045177738940604,0.02275066505740855,0.020369480217589532
134,-0.007186608047831696,-0.005496805473997494,-0.004736879057253574,-0.0051339138724431094,-0.0016615109724717715,-0.0056757375941972705,-0.0031978022465024673,-0.002093541630344764,-0.005218423869541015,-0.005103519792413005
135,0.020145354958185827,0.02735367770538536,0.025786451146965768,0.02264037784396208,0.02920545833986047,0.026700539329827935,0.029694157851073873,0.03280391902043284,0.02677051774677729,0.02780583626689663
136,0.0016227624062653452,0.004035688880303699,0.006348868449445801,0.0028551397990930682,0.003908257651546591,0.00467440395901891,0.00850462082704556,0.008825293000762626,0.0052013713288330595,0.0025950406802276796
137,0.00332028444587585,0.006138415615340497,0.0033955271155546047,0.0023884619229417882,0.004295063018893534,0.005711617973381042,0.006517377203321183,0.006692821329398528,0.007028142242917457,0.004458190472719278
138,-0.006701273507318512,-0.007490252321495153,-0.00772524164929558,-0.008069979090980029,-0.006262449204726803,-0.00646506707817947,-0.0073453106653425596,-0.010486688866549855,-0.005322955561187711,-0.011016576569162691
139,0.0019701884716861575,0.0008343309635583814,0.0018653170747688795,0.003507450996910579,0.003571212263510615,4.352967112258957e-05,-0.0018594765646038497,-0.0013242289093007952,-0.000887247431472772,0.0011728592028991867
140,-0.00981023506072906,-0.009793791904923492,-0.008459415299611158,-0.003572946530033272,-0.010758407948990037,-0.008231256710288824,-0.006453886572210809,-0.011277143945704367,-0.009291116716370389,-0.008232923076763354
141,0.01607731367468386,0.018042482353264108,0.020411575972635494,0.014743596437559927,0.014627706909448635,0.018218111728359923,0.015762368249235062,0.022367975862706585,0.018764952224365063,0.017385537877762
142,0.012299498539932258,0.012027651949542454,0.010137266748520973,0.009168393109576881,0.012054669682677214,0.011288034292855532,0.01177853789817199,0.01245103920882358,0.011633439533601868,0.014018418620810016
143,0.011051055178768558,0.0044066627323007725,0.005673182984531524,0.013558883856004235,0.009875821732818176,0.005095905049476881,0.008565129463036192,0.005386324510147598,0.002741190370853501,0.007135502118376139
144,0.0011619299642185023,0.0014138978218842706,-0.000627451032069627,-0.00215621408197226,0.0031719937064980273,0.0016589227140042877,0.003196916266303036,0.002413710343390973,0.0032185870776026315,0.0030961791790743306
145,-0.013473054137198539,-0.014680443818721857,-0.013445098975790498,-0.013431913494456892,-0.016673293785101243,-0.013634411702478514,-0.012295602016752975,-0.015604473968209836,-0.011301895668873576,-0.015465874057958658
146,0.00976672796077055,0.011727041310421375,0.012406713978388004,0.01100708464581703,0.00870419200773463,0.014213056911767214,0.014656703413687007,0.014916244449485399,0.015230840976558207,0.013660305859999207
147,-0.004724976337568555,-0.00319200325472232,-0.0019644773831054073,-0.0041658925814111476,-0.006664767617503144,-0.0004181409059246721,0.0020000498524986783,-0.0002790809354358262,-0.00021096755556897218,-0.000854038701593992
148,0.003871564997634081,9.878862479180905e-06,0.0003060364715027192,0.0041432691096299525,0.0018477598542657296,-0.00021346867621338064,-0.0007496582456385653,-0.0006722764039361101,-7.22260632036907e-05,0.0009539341531497181
149,-0.001663910463708875,-0.0020681055728419186,-0.004141980791355206,-0.0005265859327839989,0.0009090628399235413,-0.0028596289312145143,-0.004102577213111024,-0.004139210352076022,-0.002752309600012891,-0.005556328566636815
150,-0.001826461798479671,-0.0037398605020194063,-0.006762871841517302,-0.0024256616343494852,-0.0033607290245257636,-0.0052076125259850016,-0.008202457220275709,-0.008065993278699734,-0.005158783114419838,-0.004246297209538878
151,0.015042470646763725,0.018473638510693495,0.018704955077957157,0.01682606168519295,0.017246948119972603,0.01939474276009833,0.020149783560723458,0.022558231663842424,0.019481185955094613,0.01886962879765771
152,0.0006866919460569807,-0.0005980568064759171,-0.0008421609220769607,0.0018336538323477222,0.0031945088041049575,-0.0022412532880158906,-0.00174181920691562,0.0001678380251400944,-0.002408280819520626,-0.0013504879767675673
153,0.011764896854159847,0.01376091320653756,0.012814205642866974,0.011996065951247555,0.01321699767144676,0.01354907256924874,0.01381682857436576,0.015308712796889322,0.014045729624694796,0.013177668295622282
154,0.004709613492299696,0.005636672823823702,0.005823410341594406,0.003438049841603197,0.003190029103492019,0.006031712959332332,0.006351732624447571,0.006062946882711734,0.00624935103127771,0.0065648631816327425
155,0.007198086656847105,0.00700681831043639,0.00452890631497846,0.004685359583006442,0.010434971616730668,0.004913563363945675,0.004326559278411906,0.004076266052289772,0.004236615256788625,0.004744041300642681
156,-0.0053576065596119896,-0.00811145307534891,-0.007948186960757747,-0.006348086213292415,-0.00709924667610267,-0.0084197376253751,-0.010575739587161603,-0.009856515358419254,-0.008675294696130941,-0.008406059341560152
157,0.00037968230830912465,0.0019000671757229885,-0.0009989962347330462,-0.0050558186540926656,-0.0015044936999547474,0.0015379183838955923,-0.0022218341208651553,0.0024574938849742543,0.0023516752206166293,0.0007905868811583851
158,-0.00934151455658178,-0.011070137317790793,-0.010231818621035319,-0.007746930833933304,-0.011365239160772434,-0.010400763678142796,-0.012654037427185183,-0.014728162661754972,-0.011088971884279371,-0.011093247183083124
159,-0.01800904251323279,-0.021554158510087018,-0.021495251871491938,-0.01752147676004813,-0.02079114547517512,-0.020692687724936373,-0.022523207743218754,-0.02427633406154513,-0.02105250963873359,-0.019649222607652308
160,-0.002817665264247471,-0.002159325520169543,-0.0009739987121319252,-0.0019492815665109057,0.0005152851566451334,-0.00329005947110956,-0.002875434804197954,-0.0010568350576997748,-0.004564757127935008,-0.003306671480976069
161,0.0023338932073370382,0.0006066025022006804,0.000672992304015015,0.00020220917368594265,0.0021702368432617593,0.0012189976608944705,0.003159694180698754,0.0017882778206504567,0.0018839702369054963,0.0018419525879467661
162,0.010093543537481991,0.013835944701675242,0.01077794496386194,0.008195088676046357,0.013101621402107466,0.01054914139173368,0.01164846931270528,0.01299747980876975,0.010177642473596529,0.014370772894516748
163,-0.02894225896118249,-0.03256096399795905,-0.03317091553526936,-0.0321001223745441,-0.029924541451931817,-0.0322763966154451,-0.038202716686261184,-0.03594049031479709,-0.03297881122188203,-0.032717285697704705
164,-0.004418735913036231,-0.006348912913683055,-0.007770357752863961,-0.0065739580013949835,-0.003843120252118497,-0.007951493515183355,-0.008978213030394977,-0.007978762634255898,-0.008617327943333655,-0.006287460129498444
165,-0.009895840393347096,-0.009978226783489478,-0.010877384538679721,-0.01181614380524308,-0.011569619055684308,-0.009582444858020404,-0.009373927752564322,-0.010975542946940295,-0.009726305044712684,-0.010275115241975778
166,-0.010521525743400798,-0.00925901800080557,-0.010854668406515992,-0.010210347192749396,-0.009501691454416629,-0.010659388099773483,-0.010642276247618878,-0.01104808891544588,-0.011419850882172285,-0.011217015833590077
167,0.0009286998385432322,0.00023862143744548376,-0.001611000971460782,0.002304039592854921,-0.0001414286343785669,-0.0007230042304847039,-0.003395542306199985,-0.005371586285597139,-0.00185778563905678,-0.003399513400357273
168,-0.010365030160463253,-0.0118272375502889,-0.00990627267247333,-0.009772226972009678,-0.008383876006250212,-0.010924008854641655,-0.011180782634736082,-0.010548706957552792,-0.01181436679750309,-0.011967096614352314
169,-0.004377527246644792,-0.004857827954801032,-0.005848866800726042,-0.0073394225855504605,-0.0054987963885148785,-0.004370143924670695,-0.006717339657583038,-0.0061775329380057,-0.005033550422498437,-0.004924867574592608
170,0.012465451651194132,0.015022378305157253,0.012979968945111255,0.011437037469942252,0.015540554050319299,0.014394217478634024,0.01692958408070694,0.015268681885791332,0.014541760018970269,0.014230641096855765
171,0.007295761695159278,0.006138230558945487,0.006640992719558024,0.006469661855371626,0.006130151870606525,0.0074948722445008185,0.0071606141446472005,0.00788892831362949,0.007049969060661069,0.007423051666991777
172,0.014700501828317834,0.013449305527958528,0.017193792133032258,0.01642960200432812,0.012461381083590295,0.014290396406982831,0.015111589973086577,0.016461068374564024,0.014359135698027126,0.015327258226416783
173,0.010064191073334054,0.0068181878778879185,0.007543585373908255,0.012014820661693517,0.008968745800886168,0.0077271193116117505,0.009745441133446964,0.010396436871186014,0.00956030585038909,0.009493811307632678
174,-0.03616833884872724,-0.04466858826112642,-0.043543302721442176,-0.03711993640698052,-0.04346283709154531,-0.04381794232508397,-0.04476613976008544,-0.0486350342342382,-0.043731070378348516,-0.04301951411442886
175,0.0023192964705085434,0.0014624949361264595,0.004504819517749764,0.0019160113024321562,0.0030583707161555606,0.0037992698679275103,0.002573041206196575,0.0022638038460651975,0.0016245410934263387,0.0026333548733176574
176,-0.008407584871603115,-0.0074952380661939535,-0.010135133377403462,-0.006321647845170851,-0.007211490342000348,-0.00794950845269653,-0.00693680305122366,-0.009340720517528513,-0.008195430230395163,-0.0061666266365843795
177,-0.005320138941483451,-0.0021511712213267767,-0.002483636313740486,-0.005134458706603726,-0.006252338119661818,-0.003612697393336928,-0.0054146508805591985,-0.006009691068596915,-0.0035808816448744773,-0.004507222678872703
178,0.005023777833365837,0.005392848679010395,0.005931337016289141,0.005299912464143683,0.00855606615891232,0.004903877998509,0.006522197609056154,0.0073365802780802365,0.0033499015305629744,0.006492885297910151
179,-0.009501366053200157,-0.011339502245072883,-0.012016935022578805,-0.009106657737120244,-0.011390915591938933,-0.011502503677067056,-0.010704022251998057,-0.012506946967031304,-0.00919140169848258,-0.01150409496183097
180,-0.017330380820688673,-0.016358909367336853,-0.016968042813620382,-0.017613487072335364,-0.01598051177361356,-0.017309478508726772,-0.016432821517341368,-0.018077880459899612,-0.016049179995753185,-0.017931508895546823
181,-0.0038771132934756866,-0.007518787944638141,-0.005228016413802173,-0.0015610365147748842,-0.010337221220801109,-0.005518328325078927,-0.010109331454177146,-0.010964196606390015,-0.0057409788772244865,-0.009122967531412734
182,-0.019285888178359353,-0.016333710414776565,-0.016088250798464133,-0.01879983582589202,-0.0216517618593047,-0.015712361544117835,-0.016349742213212053,-0.018578740826918863,-0.015389111565368528,-0.016493617400211824
183,-0.011037526291665994,-0.010884408711636465,-0.010964959133131945,-0.01029308107008709,-0.013308741040812418,-0.010727723346794024,-0.012725127368855909,-0.012848810951242936,-0.01130131531919117,-0.012963314373472146
184,-0.004659064564637103,-0.0039029568574184517,-0.004074396842801368,-0.0037312074565093024,-0.00496083343797258,-0.004277046071085974,-0.003338585789528474,-0.0029880514426617443,-0.0032755743135829186,-0.005319327940603562
185,0.017315370906439254,0.01955575797018226,0.017140315382883683,0.016439457879369204,0.02268283314074904,0.01866267440731291,0.01891535843423957,0.019907510617065617,0.01851413666917727,0.01876998649441553
186,-0.016787409486025532,-0.0196957395568564,-0.019115731076882213,-0.020408456923420026,-0.02036664661986263,-0.02021136812999996,-0.02238370837102649,-0.022334150873248134,-0.02102369255224499,-0.02001055898136625
187,-0.017406542293631002,-0.02041647055414011,-0.020736792323054015,-0.015424502955420664,-0.022114072500211173,-0.02037269054243824,-0.02248624572381359,-0.022454153074372256,-0.015639031684904516,-0.02266795865633396
188,0.028783211666012585,0.028112931494301645,0.02901036134055414,0.028075311538464223,0.03051681311110234,0.02670713776735916,0.02621576392164528,0.030494172620651787,0.026876840601385246,0.027042004082499977
189,0.030175810602771296,0.02895813281405419,0.02967763041524096,0.03058332033999081,0.0301011662220142,0.03008576935517755,0.03264682055856797,0.0337942991684844,0.030535074328843333,0.03125961616826846
190,-0.002628215104191864,-0.0007120110498074488,0.0011650351270442512,-0.004090641946291714,-0.0020683947113105377,-0.0002609296931035933,-0.00026717000937469574,-6.756622254200118e-05,-0.0018450676609318096,-0.001117831206198708
191,-0.012839413265555166,-0.012276511183310586,-0.011484486796088978,-0.014622709037533205,-0.01040326569570457,-0.012124762483784775,-0.014114398878167494,-0.011564106758748081,-0.012856777669649965,-0.013337700970920052
192,-0.02166269137273983,-0.025744728370471405,-0.027463563225787666,-0.02405331648737359,-0.02344078285798535,-0.024745734769342883,-0.027393554352255642,-0.029745742400204684,-0.026865574056743,-0.024841770132441182
193,-0.005015899416101277,-0.00030076170383881067,-0.005409609332180393,-0.0020223827675844965,-0.0006161768343959273,-0.0013995661914954648,-0.0023710540960219786,-0.005043366066453847,-0.0026557062091890405,-0.004858803192978095
194,-0.0015324652322645236,0.004085645328896769,0.0032850836559138513,-0.0026099787968094377,0.0031886860154844944,0.0021121511471517283,2.7539145648941457e-05,-0.002264325882219501,-0.0016761976284410973,-0.0017871687913493526
195,-0.0014858016104820344,-0.002546651687113725,-0.000980990697963748,-0.0009856603254737003,-0.0013804945942983541,-0.002472692701600904,-0.002616619379876484,-0.0021707896965923778,-0.003587083173490455,-0.001564995964846486
196,0.028709076189047455,0.029222709041178598,0.030509773016449516,0.03193050550923751,0.02818058640881731,0.028643202855368286,0.03108463827141438,0.03156674644264835,0.02967439543302439,0.027562637085301153
197,-0.013009363152462204,-0.01590515995725533,-0.018279982145598107,-0.013004422046629618,-0.016730715400217862,-0.015693157354269495,-0.016187014001272367,-0.018252266986134472,-0.015740255602362817,-0.016500074244641477
198,0.02047816707663382,0.020416065346710765,0.02066306067739083,0.01857423225680195,0.01719643708586763,0.02179575094172818,0.020855766839744744,0.02322278149513231,0.022847100698893057,0.023309287994179084
199,0.01250014401164702,0.008242058812938834,0.00814244447633764,0.011852964489880772,0.009903931023339835,0.010231662390723928,0.011924547785198773,0.0104064022728419,0.011673579558455063,0.008984184487893551
200,-0.0013363421523907612,-0.002627340768531174,1.5197968988187334e-05,-0.0010634238579772055,-0.0013990072539271728,-0.002226427672632276,-0.002466459486668041,-0.0007884439463212497,-0.0018517601235439158,-0.002473025974898675
201,0.001319902930455361,-0.002571595009997159,-0.0018121416613881972,-0.0014162344174867027,-0.004973546074908301,-0.0022895439985106862,-0.00039097983996042675,-0.001224728312730752,-0.0006043876028534601,-0.0029085066712266822
202,0.018838759851361554,0.023724347331967238,0.02164994495654902,0.02406303957032962,0.02333948462738647,0.022330397933975545,0.021090161006065363,0.02336132392636062,0.0215795445781984,0.018145471017331584
203,0.010912637650789847,0.012533616971428393,0.01018003800647505,0.01024714391646532,0.0112556758476136,0.011263126615460979,0.009134199994649645,0.009496732104702666,0.012106393829293476,0.009903128890296566
204,0.01329537070034441,0.015987679663255847,0.016659053546493195,0.012239853960037812,0.01729132369386228,0.017294548573292066,0.018878024113514944,0.020076241256723346,0.01779852175095989,0.017975323597420156
205,-0.0033767447477130877,-0.003022571574018371,-0.0011363778205393735,0.0027138050253142226,-0.002026235718491003,-0.004499167618972312,-0.002167858966735151,-0.008212908778009568,-0.007575296356668092,-0.005547633185062537
206,0.00918090124770807,0.008063418043089594,0.00477638817131467,0.004669845657860298,0.0077177240507523386,0.00864336905086734,0.006810789919291052,0.007273635524572932,0.006841392085797476,0.009075804107121171
207,0.02678113112410669,0.03130574582289649,0.032070211690118776,0.02775764612792371,0.030167292777911452,0.02738391318991437,0.02774106865907806,0.03346046963351529,0.027100987178730697,0.02977561412969282
208,-0.005452311064930132,-0.007315385175481825,-0.008134119769775742,-0.003962315342118373,-0.006280799371374966,-0.00668397914754381,-0.006312237672653869,-0.00799361330448055,-0.005597841393681105,-0.007639274945945541
209,-0.0018974544994787665,-0.0017571644593556285,-0.002203750640634083,-0.001532260950493641,-0.00026870762147204334,-0.0019256685600899488,-0.001937903319219021,-0.0018693250244102102,-0.004004256224984794,-0.000617251620062456
210,-0.015269409001674783,-0.015208567224742637,-0.021840224159582124,-0.016907304840071496,-0.014317280014999573,-0.017065837836881294,-0.01721739606861298,-0.019083570697902258,-0.016442952447613266,-0.014295432039582274
211,-0.0018702073022996792,-0.0006783323157127305,-0.004539903659413385,-0.004440816374210045,0.001639531662551062,-0.002996873983680848,-0.0011588584102441269,-0.0022890375676256013,-0.0035559289540896656,-0.0010767442409276406
212,0.013128803419155765,0.02097997385744728,0.01913970945466499,0.011960269479136695,0.01996580604092476,0.018496759732364466,0.017670472164678715,0.02095274816520219,0.016122622639693662,0.021452605305116577
213,0.013168589930600938,0.012470624494134977,0.013809221092027368,0.01206723213766946,0.011775653594930512,0.014088273059134177,0.01301774071011709,0.013404167533074055,0.01604170887266659,0.010721135782730713
214,0.009459767577503796,0.010602055525744494,0.010185252202518522,0.00652085911872515,0.007149117588222234,0.011422602474095343,0.01019220463136942,0.009267838392247799,0.009849925078723775,0.010477117113313082
215,-0.019448162160788547,-0.020332870319308652,-0.024188800631659478,-0.020400683288489336,-0.02095675860077438,-0.01973977205233651,-0.02253130006333148,-0.023699794872404065,-0.021044519099240544,-0.01920624914798013
216,0.03885701857694578,0.043989926843673026,0.04881541582656997,0.04177973159463599,0.04327954345247531,0.04615516822208766,0.05088052191823385,0.05503758926074,0.04932936890458163,0.04714015338477986
217,0.0009022484141753128,0.004858851490579694,0.009874668828448705,0.009206327375713646,0.012616876251615904,0.004771209087451126,0.010690751622707726,0.011585042738189513,0.002514894807614041,0.005362670718317531
218,-0.004088450575570688,-0.004817663621530979,-0.0034809567442050738,-0.004509877797267693,-0.009595988287015774,-0.0033474893305428764,-0.005340725774224832,-0.006227260933878799,-0.003187892592961664,-0.004807662678931871
219,0.004134513634326262,0.0058502595886990045,0.0037670986154187385,0.0009446189421658414,0.0063016127664108496,0.002863573996606173,0.0049861244702155295,0.004712581702332357,0.004365542064524637,0.001800132647923946
220,-0.0030143241586704315,-0.005835276265944318,-0.008052194341108728,-0.005549748023765808,-0.004942008420367491,-0.005925073852457117,-0.008305009973295384,-0.009948287614321176,-0.006958946656433959,-0.003788991032341394
221,-0.001390094601286627,0.0032972583574965276,-0.001899943947591411,-0.0027529913293044164,-0.001321017909586674,0.0010362847350780763,-0.0036429397822983216,-0.00018804040830117596,0.0008874244047610626,-0.0008194294088742319
222,0.0057604104798185726,0.004838122625827368,0.0020457650211187233,0.004022496772511442,0.0047555682359923706,0.004441336318113952,0.0020568825200785287,0.0030608949588269694,0.0048986570349145355,0.0046667669910181574
223,-0.0024574553361727397,-0.0016538395095475574,-0.00398162128378725,-0.0020321976134220856,-0.0009784769839660248,-0.0014214427198840293,-0.003355415923164229,-0.004794315854912891,-0.0008946774777475857,-0.0023349403103265567
224,0.013011291270479463,0.014090167806071903,0.01703010689078378,0.015503348437069332,0.01453635556276951,0.014501107195688515,0.015277353978478628,0.017289451310427462,0.015255606284512762,0.013865920726553788
225,0.0035959435792632718,0.0036885269445960777,0.0036592050105294957,0.0034113141862638797,0.001677081123717649,0.005023081587016907,0.005940258908192416,0.0059178807746719094,0.006569419515337787,0.005202251287187667
226,0.0035686650094867885,0.0018282970284483487,0.0004330116194170299,0.0013555523152890077,0.002814472757144226,0.002409671007309403,0.003594244117792703,0.001628630161660009,0.003293591567011583,0.002593112878842534
227,-0.014049363752817548,-0.013533823474982732,-0.013564001668779848,-0.01535254836237362,-0.015599709289667455,-0.01237082356432997,-0.015715128783014534,-0.015712962465663522,-0.013496422778868155,-0.015171828655595096
228,0.0019450743135364225,0.0020629645972842386,0.0004360913078495415,0.0009628863389882351,0.00419709838858411,0.000889560597125426,0.0016257441600463812,0.002058365760618698,0.00036846307053854584,0.0012912967174839535
229,0.022231035544398897,0.024209908276533257,0.02874426342042409,0.021116737910647197,0.019367360720260397,0.026793797823112305,0.025779711895989026,0.029859993000593527,0.02865805408404465,0.026789167576220477
230,-0.008482405203693347,-0.0023201280296815284,-0.0058052017264326045,-0.009873754973559964,-0.0028477431246566897,-0.005676263995642064,-0.007145685437472878,-0.007027325818293475,-0.007676587625618068,-0.0029995853228499667
231,0.0009571540533456103,0.0009699993148754679,-0.001470875972492807,-0.0013983732939389345,0.001839324868272826,0.0010053657123878055,0.0013294302849580057,-0.00015219262186078817,0.0010383687538896155,0.0019837358549379767
232,-0.01567839425853644,-0.010467441235030508,-0.015255988460632306,-0.01861634886065913,-0.012479851622296404,-0.01322383657348226,-0.015069557193903765,-0.015085589811028555,-0.01369257140052806,-0.012777774803172744
233,-0.010852284393166201,-0.0147095717849815,-0.0130182262891836,-0.010806449593768124,-0.01312701005932577,-0.013605134563155642,-0.013634484333944572,-0.015270596162435167,-0.014308525722909575,-0.014102387620872205
234,-0.0009708968005881155,-0.0003149018797308969,0.00010879143836734708,0.00023192903935444038,-0.0006505171316826482,-0.0003791619643799968,-0.0006793507114309734,-0.002649919276302391,-0.0009195989390962364,0.0004459157457404991
235,0.005488936777212179,0.009346314692080894,0.009748351277574655,0.004965924532351696,0.00724223280233682,0.009929442050994332,0.00967587072486483,0.011003215596473602,0.008980562531291286,0.010568940610128605
236,-0.0073356035034799795,-0.009649511064950394,-0.00968180873181223,-0.006926841720599146,-0.010332315349715002,-0.008098260371601676,-0.005840462147864528,-0.006896812603402053,-0.006496038604399676,-0.006211986247493586
237,0.018026706255923716,0.017756326071412705,0.01720720920505723,0.014642941158165407,0.018284376170941096,0.017532085283011832,0.018694813666739786,0.02027475108681904,0.017875919681899253,0.019884525624158506
238,0.0037806930603961415,0.004170041586684711,0.004630760927536837,0.005242269540753244,0.0041315046965394895,0.005163793608099888,0.004836510216170813,0.005656849782540145,0.006503116739104106,0.00469976483542676
239,-0.003689857221558278,-0.005936772219984799,-0.006083512298256801,-0.006585814732931517,-0.006623900369250934,-0.005262679085649699,-0.007139296783533795,-0.00744380148774461,-0.005100648008289767,-0.005855308201720744
240,-0.02069939344088005,-0.023488430367833078,-0.02306536251924638,-0.02147100414620617,-0.02121015816251299,-0.02311064573837825,-0.02469820112018076,-0.02573409217977555,-0.024439123620138777,-0.021183383375381157
241,-0.009946001531814134,-0.009480085917818713,-0.011166075636943792,-0.009269517416229648,-0.010732468399854032,-0.009839967233174743,-0.011982736337087574,-0.011131877793482986,-0.009588572137753243,-0.01105942826973062
242,-0.0026774420461094725,-0.00547813046844366,-0.005312466547552494,-0.0014047418463818883,-0.004109295607389714,-0.005198021043268678,-0.004608656261253157,-0.005993870877275569,-0.00415306301312906,-0.006504988850559182
243,0.005028300399783699,0.0022826229798343827,0.0015261546174598804,0.001753220068761996,0.0029645173489789866,0.0019470389824969131,0.0008920109344077588,0.0015406947523515973,0.001956972659479786,0.0023680146372728034
244,0.0146156836808329,0.017993799808844097,0.017390051785471893,0.014270700097031474,0.01998693499208818,0.01808155975389431,0.020458377040633795,0.019681776195582975,0.01339536560020062,0.022501924207745213
245,-0.010872114886841335,-0.01405533642819679,-0.013045565810122296,-0.009163576875002813,-0.01246566515761973,-0.012374576502062994,-0.013976374072857713,-0.015864103383835412,-0.013878958546479851,-0.01311409441529796
246,0.00620676912853698,0.00355168165597548,0.004765525711022639,0.004478387817064783,0.006567391418869693,0.0032899896688506933,0.0024346813320058128,0.0037500728794900846,0.0038050329064065243,0.003571929836589357
247,0.003193705962281936,-0.0034552248956507795,-0.0024211285442138704,0.002052321292128193,0.0007635765932151929,-0.0027460311941701235,-0.0045049549433884535,-0.00396216731888751,-0.00401015959804873,-0.002272779736442148
248,-0.010904782788956034,-0.011047763575026577,-0.012060154790667158,-0.01216304853935845,-0.012517022586615967,-0.010827771972363263,-0.011134083522346596,-0.011570324923869325,-0.010489436997226697,-0.010391042051933039
249,0.01108253864183248,0.011741371673023443,0.013942489986253309,0.011048768864715383,0.0102419537542657,0.01188807974848585,0.013688772493615779,0.014473832946433065,0.012633829851329567,0.012845566132148357
250,-0.0006144146198278819,-0.0007295530068795746,-0.001222604799725261,-0.0005249413143424864,-0.0010630632065784442,-0.0012304947268021015,-0.0011907209188562222,-0.00030084175153682966,-0.0006541190773026917,-0.0012837261453218928
