,"{'learning_rate': 0.00025, 'n_steps': 2048, 'batch_size': 64, 'n_epochs': 10, 'gamma': 0.99, 'gae_lambda': 0.95, 'clip_range': 0.2, 'ent_coef': 0.01}","{'learning_rate': 0.0003, 'n_steps': 1024, 'batch_size': 32, 'n_epochs': 4, 'gamma': 0.98, 'gae_lambda': 0.92, 'clip_range': 0.3, 'ent_coef': 0.0}","{'learning_rate': 0.0002, 'n_steps': 512, 'batch_size': 128, 'n_epochs': 20, 'gamma': 0.99, 'gae_lambda': 0.9, 'clip_range': 0.1, 'ent_coef': 0.02}","{'learning_rate': 0.0001, 'n_steps': 256, 'batch_size': 64, 'n_epochs': 15, 'gamma': 0.97, 'gae_lambda': 0.94, 'clip_range': 0.2, 'ent_coef': 0.05}","{'learning_rate': 0.0005, 'n_steps': 2048, 'batch_size': 32, 'n_epochs': 10, 'gamma': 0.95, 'gae_lambda': 0.95, 'clip_range': 0.25, 'ent_coef': 0.01}","{'learning_rate': 5e-05, 'n_steps': 1024, 'batch_size': 64, 'n_epochs': 5, 'gamma': 0.99, 'gae_lambda': 0.98, 'clip_range': 0.15, 'ent_coef': 0.03}","{'learning_rate': 0.0002, 'n_steps': 2048, 'batch_size': 128, 'n_epochs': 4, 'gamma': 0.98, 'gae_lambda': 0.93, 'clip_range': 0.2, 'ent_coef': 0.02}","{'learning_rate': 0.00015, 'n_steps': 512, 'batch_size': 32, 'n_epochs': 8, 'gamma': 0.96, 'gae_lambda': 0.95, 'clip_range': 0.1, 'ent_coef': 0.04}","{'learning_rate': 0.00035, 'n_steps': 2048, 'batch_size': 64, 'n_epochs': 12, 'gamma': 0.97, 'gae_lambda': 0.96, 'clip_range': 0.2, 'ent_coef': 0.01}","{'learning_rate': 0.0001, 'n_steps': 1024, 'batch_size': 128, 'n_epochs': 6, 'gamma': 0.95, 'gae_lambda': 0.97, 'clip_range': 0.25, 'ent_coef': 0.02}"
0,0.0,0.0,0.0,0.0,0.0,0.0,0.0,0.0,0.0,0.0
1,0.008557865519088957,0.00690955526070268,0.007401952893063263,0.007830592100024764,0.007413645736024323,0.008342753205072422,0.008384124256187656,0.00798905634917433,0.008627404413554493,0.008249203222780622
2,-0.0009609340567499931,-0.00223357806016609,-0.0012676253893723361,-0.0003173389471643772,-0.0005859275084546182,-0.0011274293006094329,-0.0013690807874624576,-0.0009349590261465627,-0.00229765956020173,-0.0008326209883465746
3,0.0063188822083270185,0.006398098445842925,0.00673799894707932,0.006198468564428541,0.006502795235408086,0.006523242317311655,0.006809571347994911,0.006595599501870382,0.006845455439110991,0.006449259948635372
4,0.00079374933544149,0.0007285177636189013,0.0003165767002169768,-0.001176233860640603,-0.0006802810979132705,0.0004844253569558462,0.0005298242261491759,-0.0002539608680045256,0.00046533235358847637,-0.0001726039105986605
5,0.0005895298203215709,-0.00024817799212006355,8.03249061692257e-05,0.0005383853701314285,0.00016914919579832645,0.0002734807120462669,-6.275843152786558e-05,0.0001815214895313306,-0.000576082984558167,0.00033568575722440293
6,0.0039560396352279325,0.003932305029278205,0.004073283321781074,0.004369206761757185,0.004270585227783094,0.003839416333295676,0.0035403689210408156,0.003938207588573889,0.0030046744248799074,0.004031771167448428
7,-0.005588348907434149,-0.0059322104506947995,-0.005917777764372153,-0.005209360170128258,-0.005325588251347489,-0.005635754191244402,-0.0057145341368678645,-0.0055715385789809665,-0.005868433753634295,-0.005518862358251294
8,0.0008964399361968205,0.0014981882184894827,0.0012824930588252407,0.001160487200739778,0.001103960592120695,0.001124834156931668,0.0011864508408338066,0.0012421018343816027,0.001597302239564905,0.0011939595744588146
9,-0.007679834153206709,-0.007619355766093813,-0.006660005115432714,-0.006498512946497061,-0.005649092493100314,-0.007014725013388066,-0.006234937159185568,-0.006354056911420319,-0.006480135875864572,-0.006789907972657163
10,0.0013481654730271534,0.0020081755349789588,0.0013769019483948694,0.0006343589472474221,0.0009745403410411556,0.0013827801648733603,0.0013972062230955978,0.0010440060267489651,0.0016952208976328343,0.001178820171646958
11,-2.68098705689555e-06,-0.0006964584965527718,-0.000482632255909611,-0.0009742562594033438,-0.0006980671216551685,-0.00018458417942461558,8.364989464962292e-06,-0.0005225660348824456,-3.153628084223681e-05,-0.00045659018875333674
12,-0.00284528498056125,-0.001295268204025784,-0.0013480666382080057,-0.002414835469765852,-0.0020171804397279224,-0.0022590224711874054,-0.0023178042009927126,-0.002106066525812524,-0.002271300155132118,-0.002017820415063148
13,-0.0008044736026810414,-0.0003306087365400716,-7.16166788841629e-05,-0.001439550288705909,-0.0009644366090849725,-0.0005020938338857737,-0.0005460150659389205,-0.0007976182071177838,-0.0006639510710594885,-0.0004884291596343976
14,0.0029888615790175732,0.0026121394243379488,0.0029559890268222155,0.002285878013212509,0.0019455749468655827,0.002665499223026094,0.0027641980418928614,0.0026656698882646305,0.0028708171172791112,0.0023477748351161515
15,0.004409761870699737,0.00633891965078914,0.004855274172397105,0.004596471866816731,0.004769178087768177,0.004622662613042987,0.0045408493652724985,0.00463247302780103,0.005068330781915824,0.004444465196268459
16,0.0030311742069822605,0.0032935323207115264,0.003394104351518845,0.0024072868619884327,0.002585018931933671,0.0029928181149169947,0.003028112629227417,0.0028512176543206073,0.003023184106840636,0.002839050785279817
17,0.0031027270936555026,0.003366333261340438,0.004500819700268094,0.0024793675956805523,0.00319010740932198,0.0032933879059824697,0.003604480639177536,0.003348083539725942,0.003155048440746637,0.0032547778109959236
18,-0.0046989881654185914,-0.006168245771929959,-0.0055885579654590765,-0.00452382885555121,-0.005012896194982431,-0.005057755998377894,-0.005230957025385055,-0.005023820723267172,-0.00573154683756184,-0.004998115591761266
19,-0.006243586634286389,-0.006628021518303266,-0.0062627082093792575,-0.006193240630151795,-0.005952572091994126,-0.0061579190469358116,-0.006017898615851513,-0.006141888875822671,-0.006235916128543803,-0.006119063691397284
20,0.012649040975303713,0.012165483852314703,0.010416201533092983,0.009973463816508397,0.010587581627865099,0.011917175289216887,0.011192648038127482,0.010365142460123069,0.010145608434789717,0.010895575100393615
21,-0.001407397839821967,-0.0021718644632219247,-0.0020922644339475484,-0.0021495637252371765,-0.002215120303348442,-0.0016909084475653932,-0.0016786860926896947,-0.0019731853758182616,-0.0017383734550757359,-0.0019290783050307414
22,0.00360749172334902,0.005564937285507929,0.004181549045680953,0.003918925134448129,0.003650111587478822,0.0036409426004009146,0.0030015029301814554,0.003577814163420567,0.0032107879168034384,0.0037320468934841757
23,0.0036408103952510623,0.003350299292309198,0.0034379756712223384,0.0027124634011599846,0.0031074446225294304,0.003647715575054337,0.0038960742605109308,0.0033315353082000194,0.0039501377935164915,0.0033349948350632347
24,0.0030586152273879424,0.00292795186476771,0.0026415925214689348,0.0022905809248367623,0.0025522647312738234,0.002973944406893524,0.0029031920274404004,0.002562263763252609,0.002791542311926746,0.0027576573237318045
25,0.0033346897578609242,0.003061096594788161,0.003455925666755419,0.003841235010007568,0.0039916273976351255,0.003703627246024582,0.0039193296786040974,0.003838144822606188,0.004048670143442355,0.003934685181220387
26,0.00814324255127672,0.008937085906181943,0.008917042570045719,0.009549475312029553,0.009202106505050019,0.008564959696305632,0.008486446008002751,0.009090775533244942,0.008764419334714248,0.008996727617411401
27,-0.0027414050698217783,-0.0011502588409562212,-0.00169902673248534,-0.001200374028040869,-0.0010971113402061397,-0.002063338833333684,-0.0017882927066424372,-0.0014526569412552598,-0.0010473732105260227,-0.0017142289575629763
28,6.475790485602814e-05,0.0024642542234511967,0.0014976457326778504,0.0022454848476700364,0.0022460121895144887,0.0005560038015331196,0.0002652662570085465,0.0013162642837177075,0.00025986098588726483,0.001086477239512434
29,0.0062678643168032015,0.007114546817146346,0.006263097641574628,0.006281899534192948,0.006167259887385472,0.006245584980442942,0.005993690324120992,0.006157671228471032,0.006141129025053389,0.0061510818150259244
30,0.004460035563637407,0.004980514483609042,0.004273282703197991,0.004471829587846367,0.004336689831509993,0.004476316315372469,0.0042329327946386275,0.0043162224290680725,0.004480269221657645,0.004497069216290393
31,-0.0006908820524451249,-0.00021266062705697962,-0.0005223144094543134,-9.309842485906222e-06,4.5825805955965583e-05,-0.0005651623799467114,-0.0006575238159342715,-0.00040346513188140856,-0.0006797099906885452,-0.0003446005125198224
32,-0.0002865652890035015,-0.00012699728097081888,7.409945679675797e-05,-0.0001473659730168755,-9.895034627108688e-06,-0.00010286935549905078,5.834838070001866e-05,1.886582309156568e-05,0.0001112199663024884,-8.43198276897335e-05
33,0.011136385797126242,0.00960346291740957,0.009703130850478527,0.0097221848345083,0.009413145691998344,0.01064550598929455,0.010515007994500943,0.010002549676128455,0.01051775231686633,0.010287300044805504
34,0.0022553883834073784,0.0037600000270443567,0.0029847024736720236,0.002773008035951071,0.0032305885627061945,0.0029278538370703018,0.0030829645944365483,0.002964763388383881,0.00378931905921862,0.0031228727897929763
35,-0.012674904636504789,-0.009995965919108491,-0.010701265141040714,-0.00906214587853647,-0.009222771370001097,-0.011952922835381605,-0.012431124912282406,-0.010716652399678995,-0.012761490859436881,-0.010907831072880994
36,0.0018871925409739462,0.001245932734856655,0.0017038902315391175,0.0017508558527601498,0.001883194957631916,0.0019060578145895601,0.002245975162852501,0.001958862739115481,0.00231933195074221,0.0018288898522701904
37,0.00027176382350967685,0.00023991525101865058,-0.00015875253856660794,-0.0011223392481631714,-0.0008532191624954363,0.00013872544231760368,0.00013942369180033626,-0.00045759677827480983,0.0003280714261077759,-0.00026248734177555235
38,-0.005872984594300011,-0.005038445845201703,-0.005574561090245877,-0.0050753248726519385,-0.005217974376202488,-0.0058016297201141384,-0.006150649524946402,-0.005620025836654826,-0.006340206493610048,-0.005590473117903696
39,0.014995837365777153,0.01728115104189972,0.015696959865159902,0.015156495046559817,0.0153029745382623,0.015302106280105515,0.015017907187757407,0.015204140755799575,0.0155970457775564,0.015265849833128668
40,-0.009747471187883182,-0.009165082624901337,-0.009606160707502299,-0.008321194269981388,-0.008357627111904126,-0.00940731180666173,-0.009352436604190148,-0.008977405274206759,-0.00912237891503984,-0.009063129674006628
41,-0.001201342213794886,-0.0010634821828779638,-0.001242940203734293,-0.0014729713576105913,-0.00150599752583016,-0.001515863849820214,-0.0019308491628996418,-0.0016732606530203635,-0.002576522788290011,-0.0015931898744756814
42,-0.0041371509343543795,-0.003966010416114186,-0.003613754224132815,-0.0037656733505181074,-0.0035405215125340855,-0.0039027647994633327,-0.0036636933633194734,-0.0036628057795760963,-0.003659952909410514,-0.0038000063413914653
43,-0.0003273615538406944,-0.0004660005109836851,-0.00017579564046570496,-0.0008264144339150217,-0.0004645278540698082,-0.000303398778259495,-0.0001457513410958697,-0.0004380612817429508,-0.000296027737193372,-0.0004209384479716212
44,-8.925859395850146e-05,5.853848493047502e-05,0.0006338461094960565,0.0001747356658695395,0.0003914450072421442,0.00010263267564273974,0.00031518695106121206,0.00034947438129632254,0.0002344900871329846,0.0002340082206838118
45,-0.0002541017414220485,-9.30875242933777e-05,-0.00045867006293352926,-0.000386982789551919,-0.00047327053382854986,-0.0002741054589466695,-0.00046884788672560103,-0.00045651006519274024,-0.00036625835042053553,-0.00025385876837229
46,0.005389665439321631,0.00453999974505111,0.004797444836349864,0.005473590396037405,0.005381447776119977,0.005146713406133666,0.005353258888220934,0.005266322536843622,0.005275174122629315,0.005072912454701268
47,0.002500942925572378,0.0023123361996105884,0.002253987371226669,0.0012951062231761309,0.0015767944761520382,0.0025301329060393304,0.0025579322087461473,0.0019790316928936123,0.0027580475549004264,0.002297414780337308
48,-0.0021436289846291615,-0.001692673491015821,-0.0019033707208278858,-0.0021213553895634897,-0.0021781041736591714,-0.001920097215793933,-0.001942106998244996,-0.0019553030486032293,-0.0016061207406545142,-0.0018918784112890688
49,0.009368801928801119,0.00785367204987087,0.008525905638283185,0.009081719115780686,0.00881771090245954,0.008998461561102003,0.008856118106264098,0.008853408309479387,0.008278061673105797,0.008977613881232933
50,0.0037211168000952574,0.0018894587672550654,0.002607647161617453,0.002915295630216495,0.002557433732418888,0.0031987541309757544,0.0030266105055328004,0.002866751461143593,0.0024990208167823564,0.0030478401759718027
51,0.004312151755012613,0.0034009321168357405,0.004137953377861354,0.003808958495081628,0.0041746229476773075,0.004359162791764502,0.00484234439078584,0.004278331804334086,0.004972211529573707,0.004289636044717156
52,0.0058921307372321536,0.0053992052534214945,0.005762967909038999,0.004842254505502285,0.005374765568107731,0.006012640583001999,0.0063827395784365444,0.005656701817454666,0.0064698234930164345,0.005720917611284138
53,-0.014210026123319102,-0.014552761753663348,-0.013868820290268124,-0.013294745603521414,-0.012998172175981926,-0.013957531043361074,-0.013713148072439719,-0.013576974695128318,-0.014071241394208303,-0.013646643706160894
54,-0.0010160596696362554,-0.002436089402692026,-0.0019500075174312612,-0.0032095872470677403,-0.0027355052253459407,-0.002314782367256745,-0.0029129844158981987,-0.003105084871944869,-0.00504413441036939,-0.0029358338646613817
55,0.002457806940481445,0.0022483536206705447,0.0025012681698401928,0.003341018219783909,0.0029801944710860172,0.0027662185524339913,0.0029772972339950562,0.0031235637505287444,0.003517769704998565,0.0030300988093395
56,0.0028913453247045584,0.0023411982721076112,0.0028577203094024735,0.0031107976305943847,0.0028816353311277723,0.002976633739913323,0.0032089286214228414,0.003170029938346631,0.003462885280643092,0.0030369412029487702
57,-0.001213269693732678,-0.0015913148025278785,-0.0012346578267287147,-0.0018544059481106104,-0.001748552332136167,-0.0013801499723279983,-0.0014863089619317291,-0.0016015376494209147,-0.001902700786633711,-0.0015069991456374632
58,0.005477274356069758,0.007071046888958224,0.005867352376872978,0.005893847177692412,0.005932130886404572,0.005684995430849249,0.0054143754073435486,0.0057107282746103605,0.005602206597907653,0.005645742972091069
59,-0.00011355446562628577,-0.0003316172600112497,1.2951979252513474e-05,5.257619006549105e-05,9.57334652091779e-05,-0.0001140941525170428,-2.057977294191312e-05,2.750644248142737e-05,-0.00021212444597362056,-9.011257407724683e-05
60,0.002995631982473519,0.0029896200738561236,0.0027048546785592748,0.002200648610065288,0.0022319435639407002,0.002720593761920489,0.0026630599731426023,0.002436917008109227,0.0027146295490210843,0.0024712061810169845
61,-0.0033901809260094766,-0.003722279372917682,-0.0030525773876552546,-0.003256315194738617,-0.002917607458843906,-0.003301557171666216,-0.0030374299993981713,-0.003129397142700095,-0.0033502629796592683,-0.003245334059346191
62,-0.0027141531818390702,-0.002758846415835902,-0.0029220252981865787,-0.0026271741815717784,-0.0026792949972065322,-0.002789744890315176,-0.0028050770439611325,-0.002766475650638582,-0.00283444408301208,-0.0028315404323554635
63,-0.009315957967405232,-0.007137370437374186,-0.00795396878406928,-0.006662531708425189,-0.006858070066052599,-0.008921651495496901,-0.009361024187816504,-0.00797873498300386,-0.009764252116122413,-0.008312228577664758
64,-0.004400335836786536,-0.0045138889422511146,-0.004160027357767098,-0.00405941553643118,-0.0038458559099656085,-0.004227979020498123,-0.003964057892071406,-0.004029029376248519,-0.003953226326992708,-0.004128047075638519
65,-0.00011367609658628156,0.00033797412821977085,0.0002536021102134637,-0.000253053677728799,-0.00016962455463665654,9.499954916830828e-06,0.0001293783423547739,2.997140652053062e-05,0.00041437703615810435,-4.8652380134896265e-05
66,-0.002355013071855843,-0.0019510157926507917,-0.0020714821564542544,-0.0020754080811559122,-0.0019509430483123902,-0.0022106772720134425,-0.002069067705654743,-0.002061059010335248,-0.001896448293118435,-0.0021776508911996164
67,-0.004084572383642442,-0.003924532564760079,-0.003940324685521303,-0.00319552319601854,-0.0033674640549961974,-0.0040339963411438855,-0.004173637338349408,-0.003734620347422457,-0.004386400031193361,-0.0037896255618491714
68,-0.0002627755940466021,-0.0006632427173283653,-0.000395718679834522,-0.00027005890989195203,-0.0003909053956650466,-0.0002652662253025387,-0.00013001398659022803,-0.0002297792953761755,0.00011615419539973983,-0.0002043818149542265
69,-0.001150181283182391,-0.0010615819955067528,-0.0009702610934556134,-0.0007991157563490129,-0.0008085005912069789,-0.0009044954965468989,-0.000897578940153738,-0.0008317688956582191,-0.0008075638041965519,-0.0007532866069657723
70,-0.00843567764724397,-0.00805571827128773,-0.007903278790693608,-0.007833655547082699,-0.007667542209804529,-0.008200617960172697,-0.008073915066577475,-0.007919925350721948,-0.008123527138554456,-0.008044842725823082
71,0.013402981185476025,0.013220185845925584,0.013082713773494188,0.012289088317082034,0.012280960766830218,0.01334965145445097,0.013381927448088953,0.012893674926633493,0.013834155588635405,0.013105623246114171
72,-0.000769989982445086,-0.0016452055961288237,-0.0011575934558251304,-0.0007647064558241826,-0.0008484233545533614,-0.0009350527155276779,-0.0007593850960104824,-0.0008474424568767448,-0.0008730158516134556,-0.0009518249878412025
73,-0.002343216097489351,-0.002928512656124269,-0.0028080314890936075,-0.002560874241904804,-0.002566936749865748,-0.0025082980369219676,-0.002357967248585162,-0.002546778741126104,-0.002349165478386206,-0.00262794186005289
74,0.00949181838841311,0.009772430320910087,0.009383997361556207,0.00917133816992841,0.009186198823078163,0.009449972059244976,0.009384929184388827,0.009294270011241654,0.009501727773261193,0.009307738655652846
75,-0.004528178936700864,-0.003914911176118738,-0.0028565653003547876,-0.00480534174209942,-0.0037940601740947674,-0.004045413407507141,-0.0036891829497920805,-0.003952484683521822,-0.004182367672981462,-0.003951949973787077
76,0.012944308758878437,0.013909496258539386,0.013139451982391087,0.012467362045001363,0.01229146014454482,0.012773476874577186,0.012096261276837623,0.012389917646969815,0.011939973180299133,0.01278621203662089
77,0.004872974170924747,0.005218192591279958,0.005011558797164813,0.004205151343900726,0.004435575876404831,0.004871384662647966,0.004797242674486728,0.004582808658235875,0.004791298892585786,0.004719243030825217
78,-0.002356861334998365,-0.0022571250274635623,-0.0022864426429040903,-0.0022505972938993983,-0.0023594069802168145,-0.002348990883781673,-0.0025034772864207314,-0.0023660791335998713,-0.002527110199801963,-0.0022392460022293043
79,0.001959595356313342,0.0018314267818429048,0.002513829346443457,0.0015950144951483868,0.0021800726912158197,0.002238252678542884,0.002666552357753438,0.002227749736264285,0.0026686665369628055,0.002206246931671976
80,-0.004705908105909255,-0.003980824066292979,-0.0038442500658967746,-0.0041122357848540295,-0.0038036184854973254,-0.004387432017187406,-0.0041816482058995635,-0.004054556848387125,-0.00418349053616243,-0.004253801146684697
81,0.005891388853630011,0.004961993517115633,0.005841953704664469,0.004663009952454736,0.0050465422641973404,0.00547906125837787,0.005429860514706125,0.005165663685868176,0.004325066571894899,0.005105213501282407
82,-0.0014540244595475133,-0.0008410129462912406,-0.0010841866819414764,-0.0002119013679726632,-7.920173212783632e-05,-0.0011523990257274385,-0.001231273400085263,-0.0008050209386404683,-0.0014207541386152666,-0.0008011973001006199
83,0.0019271314722751484,0.001759698718350314,0.0012593612573521022,0.0015598694944297556,0.001393768257690281,0.0016484050440793404,0.0014862086192553709,0.001408884216218127,0.001599914991762635,0.001531262166070292
84,0.0005165098778686622,0.0008875320450150641,0.0004323700899623382,0.0007324340503107421,0.0007672224326934584,0.0006519010056343542,0.0005725891203019149,0.0005811249737862772,0.0008350095111358919,0.0007794657627747335
85,0.002719482870810531,0.002052880136040981,0.0022642123366659393,0.002281189636810228,0.0023894460630859413,0.0023558142210146063,0.0020726365071048842,0.0021270031697943857,0.0011513589263616223,0.002210031477048322
86,0.0015373281969586006,0.002202468565776961,0.0016959746091250588,0.0016574063814734624,0.001902935579511184,0.0016032586686414202,0.0012857664413218758,0.0015058661442773121,0.0006981834599500462,0.0015245153502892756
87,0.000800462819035571,0.0007216773565948595,0.0010502571189035428,0.0008072849370260922,0.0009507232137728933,0.000950200777695248,0.0010767366194227423,0.0010037016554016714,0.0009898923416459633,0.0009450122954749288
88,0.02401482828258179,0.01817739837549786,0.020250278367747662,0.0164498965366052,0.01667885924170784,0.022201275559308373,0.022651150897646872,0.01954965977885095,0.022424623173210458,0.020319632287182518
89,0.004634638833212347,0.00331072066982046,0.0028704130653782784,0.0025869915071045704,0.0027128264201351027,0.004016924873314719,0.003990974030323045,0.003104912131060793,0.003950143580161429,0.003346443219470649
90,0.0031113115177400404,0.0021753080812907228,0.0026569379872739443,0.0020757701325635073,0.002313924479348131,0.002927926513508552,0.002592490354817587,0.002349154928965748,0.001753409604705085,0.0028118079311393704
91,0.0065430163447927955,0.0055773320794626595,0.005670216123950131,0.004424151151590697,0.0046820863257642465,0.006147114342617139,0.00621864872614853,0.005319569719412334,0.006317550742383464,0.005642018100858589
92,0.008061392246779165,0.005469636662041198,0.007553864567434582,0.006901895813176958,0.0067592316552773195,0.007346812005536943,0.007153478632939384,0.007065837352157259,0.0057400142814310285,0.007309870713296915
93,-0.027065159894697426,-0.027072502928466836,-0.026736151194620354,-0.02508650733009238,-0.025179766063002918,-0.026608802498528872,-0.026513303977590462,-0.025973124086547603,-0.026469455705645573,-0.025908888205054933
94,0.008827025097616717,0.007136888261583889,0.007767284708378946,0.00695150451822691,0.007289623302958971,0.008298126068333966,0.008385412217106277,0.0076165853617923,0.0077525165390539596,0.007766085329882023
95,0.009156741291281254,0.007885983438010176,0.007755853882241429,0.008374435031446461,0.007881904310256033,0.008554610150299518,0.008456715825712773,0.00823881402184283,0.0085082120333933,0.008250064888650639
96,0.008551343986504567,0.007767050159658155,0.00840887306046154,0.00786865209210098,0.008258255926549041,0.008417555551299286,0.008574512053218221,0.008205176435410105,0.008173716317647649,0.008318935868450218
97,0.0008698305469123093,0.0017603468077864357,0.0013752855026358218,0.001709273795853101,0.001312499277240601,0.0010743224053899661,0.0009669667836657567,0.0014162740874138417,0.0013855623411159616,0.001264292302998176
98,-0.0009276040483673985,-0.0010312118672947635,-0.0007172640468107877,-0.0016049303836716594,-0.0013678561373378785,-0.0008787831964794047,-0.0009068638647190858,-0.00115459724750209,-0.0010346494663753267,-0.0009310845791917826
99,0.0022372035959809166,0.0029332054931202013,0.003527495107433676,0.002620598263452497,0.00326652646482368,0.0027940791560827918,0.003048061108575699,0.0030056269435302157,0.0029179695050964303,0.0030531017091291928
100,0.005076355272739028,0.004637948602206809,0.005028410762870756,0.004275639898197265,0.004529995901680863,0.0050912875973514555,0.00534338780455041,0.0048537905137073425,0.005511159935607159,0.004938637085129923
101,0.0019386472122913093,0.0016074615193761711,0.0025107974194580667,0.0014795215438404808,0.002311470234967684,0.0022811377273834134,0.002967902398580948,0.0022989221290744934,0.0030141122112835564,0.0022004925708523923
102,-0.0017839680594467194,-0.0026873942394678627,-0.0021954115541296076,-0.0015391987597635987,-0.001270992833339493,-0.0016529345063702378,-0.0013126630826134507,-0.0016050114995586786,-0.0013009111031010226,-0.0015102507026220659
103,0.002052298085912996,0.0022173235255750633,0.0017939336639089842,0.001998838846451624,0.0017392461549934936,0.0017401529794683138,0.0015181419295702114,0.0017308670786022955,0.0014096548379654143,0.0016267210169789667
104,0.006995348603146946,0.00756555139678706,0.008583331477640486,0.007887821072322544,0.008597134361977806,0.007526825067086573,0.008027847928244155,0.008142822581784056,0.007630339556799028,0.007774212567974484
105,0.0042323547331771395,0.0030333282527578156,0.003914689765198166,0.0032165982997587094,0.0031321862576054495,0.003959190962861406,0.004256850005143881,0.003788205919910128,0.0043637538720306245,0.0037299104551089214
106,-0.0015167913614049255,-0.0014702222663561934,-0.0013947895833567212,-0.0016064815379726377,-0.0015911086669882204,-0.0016664209213073464,-0.0018346306150636173,-0.001677492573771565,-0.0022513918476213457,-0.0017040260798428196
107,0.003944776446132978,0.004442882101072215,0.003930171599870241,0.003506009456923827,0.0034219488345747172,0.004064759710732923,0.0038826031277689747,0.0037721323117779213,0.0042285594370081135,0.003972910043831648
108,0.008983273625902876,0.008307071406593744,0.0076451351437589205,0.0060578372781774446,0.006262398326285283,0.0085494207729678,0.008607076439940735,0.00732477279690363,0.009320017171906135,0.0077659047445249076
109,-0.011611916743458812,-0.008592241790052666,-0.011348488474390003,-0.008522671895286875,-0.009937070325381553,-0.011026143992938463,-0.011543998344991487,-0.010226717252457908,-0.009362221758007699,-0.010198655353221588
110,0.005003989644611687,0.002704042073667783,0.003160855509002261,0.005539285937234064,0.004293939870633629,0.004439213266846259,0.0046972033340550445,0.00475021887801504,0.005444422715814102,0.004527232420742852
111,0.0036147799931673776,0.004662493686108549,0.004867321944679117,0.0033867003842757135,0.004096590777664339,0.004105038335172946,0.0042034473812678965,0.00402886073324954,0.0041062481718018235,0.004182648130598448
112,-0.000153158620972068,-0.00010696463725328565,-0.00037370962767726185,0.0001222269317782839,-1.3749682142802225e-05,-4.0462580233949815e-05,0.0001895932521768031,6.933588115894004e-05,0.0008446103041830925,3.6723585050806853e-06
113,-0.003141829672658224,-0.003764584166524435,-0.004110449777505186,-0.0036540102000648176,-0.0036081797978805698,-0.0037069905650324916,-0.0037583272650540344,-0.00392021933467151,-0.004056836791744338,-0.003952334024540786
114,-0.004193522054548119,-0.004642915005000626,-0.004438104220515028,-0.004383687862942843,-0.004264545809265807,-0.004510069958450183,-0.004630332041473937,-0.004606965461160961,-0.0050765474435619405,-0.004447747668052352
115,0.01410054846090453,0.014618217294614596,0.014240171243040734,0.012690339464021863,0.012978214490081064,0.014064381172479917,0.013818210565477166,0.013461552703414235,0.013647500038057415,0.013650785850517029
116,-0.009606377782883622,-0.008371406424368542,-0.00919712612862875,-0.009929981285830756,-0.00947611143261595,-0.009226441704871599,-0.00929022908015449,-0.009549615905978838,-0.008848036083920683,-0.00922620206479335
117,0.0031483818065788775,0.0030412971384621273,0.003721904430796318,0.00279495590240859,0.003158953774424449,0.0034894102991821557,0.0038078248419891408,0.003459364745766737,0.0038796357229468454,0.003457565451561149
118,-0.0022118881308083992,-0.002353498282570638,-0.002113473551737102,-0.0021672414999009677,-0.0022054233877669836,-0.002222646057898477,-0.002352151895284296,-0.0022319860425891068,-0.0026040991679384413,-0.0021352860070959303
119,-0.0003382402565350938,0.0006249430433601549,0.0011199625946711083,0.001204977746220999,0.0014044834529089363,0.00017949743675985835,0.00035424596787075966,0.0009199181170398451,0.00016426235673286632,0.0006197832908947771
120,-0.0016987834067082896,-0.0011634138310959424,-0.0019346673688958285,-0.0011934443271516787,-0.001541483599902407,-0.0015873661095902902,-0.0017394142641264107,-0.0015381067103951607,-0.0012193315279670144,-0.0014870520510091455
121,-0.012442449611757866,-0.011141231849519768,-0.012476594622161625,-0.01153051013674957,-0.012249259074691488,-0.012340607722726113,-0.012982486829550534,-0.012282360689366695,-0.012482837051565016,-0.012063473282884854
122,0.012128518960288357,0.012053565064265668,0.011796986135489207,0.010721934458096511,0.010769470640343339,0.011915999408428793,0.011629803080132863,0.011275609028582847,0.011546640014871745,0.011589785802663486
123,-0.00942563106453001,-0.00840722050194162,-0.009915506805738768,-0.008475533945963712,-0.009515862298616236,-0.009520113454573952,-0.010185420584985696,-0.009429688969596475,-0.0095188354337752,-0.009304767654812687
124,0.01145769690229207,0.013343290606089521,0.013692385565021892,0.014407740549628699,0.01414413072484883,0.013359803844159798,0.014476475648868403,0.014711299741360049,0.016891507950546215,0.014161409001210932
125,-0.0017631109701267567,7.164515431133493e-05,-0.0020876347724805913,-0.00026617235494630787,-0.001007109505034535,-0.0017380628602441089,-0.002386883908070475,-0.0015196292147313913,-0.0016833561096484938,-0.0014385055000891225
126,0.00402355092456968,0.0037500265597549057,0.0041165431177758146,0.0026621057622383186,0.0029391398080751774,0.003646925268988365,0.0035134913414019663,0.0032328039366448557,0.002940080754890102,0.0033194537820225487
127,-0.00915769260756238,-0.008467598077720843,-0.008505070744831011,-0.009898058053871672,-0.009522071316310556,-0.008842353898049497,-0.009025450650671618,-0.009261989182870816,-0.00898921276902561,-0.008822232064538018
128,0.008538350534926072,0.008830226449997158,0.009218762103971365,0.0080143392332628,0.008502569149425734,0.008828885116438286,0.009053901688628168,0.00870446495769968,0.009088521354748968,0.008759784909355209
129,0.008643470237987307,0.007452973787419675,0.008461723639175965,0.007056564674458041,0.0076376188990281025,0.008626886806707652,0.009151480984764449,0.008188181747066802,0.009130115021486293,0.008249639847672437
130,0.0006157885236066675,-0.0001906874398683281,-1.4347611311527064e-05,-4.697617179525468e-05,-3.576950776589135e-05,0.00019211122213189688,0.0003167947328746724,6.58968831641466e-05,5.763843008646519e-05,-0.00013584351697571253
131,0.011947624984755805,0.009690893141569977,0.011396370532635276,0.010523336562827947,0.010757900393495595,0.011525759818942913,0.011938142591085565,0.011237439110358344,0.011397947515732075,0.011250897976665538
132,0.003294150143834599,0.0032648280678091745,0.0033600603483528437,0.003629308575418478,0.0035160820383037003,0.0030757607776496186,0.002810582754094006,0.003225794195662035,0.002131646916522382,0.00310155827747943
133,0.005713024540659423,0.004743668008920279,0.00601283175206205,0.004803833420370329,0.005429033783985866,0.005663120038090913,0.006109747579105316,0.005566317717188518,0.005556410460181773,0.005442045180826741
134,-0.00021986749313572887,-0.00078211502669117,0.00011031149655347649,-5.0390693552918964e-05,0.00018775648399082254,-0.00023847381581340875,-3.81554507359271e-05,-1.0387209896351867e-05,-0.0005947641881514966,-0.0001847660666049826
135,0.0009579114834032441,0.00038670419239818666,0.0005792147005696469,0.0004464475289975864,0.0005193308684545768,0.0007604534097471409,0.0008206307776925573,0.0006020009407249593,0.0006263272322513019,0.0005783298375382599
136,0.0028919345368232916,0.0030007846009758913,0.0032584241119401666,0.00321732900583421,0.0033217504384182037,0.0029718785699112456,0.0029741865625551147,0.00313386114596823,0.0027091850014340484,0.0030782616750172293
137,0.00439875525027363,0.004229894890848999,0.004868300344175503,0.004294028739059678,0.004385017373224734,0.004776475711947059,0.005112262830144015,0.004824089234910437,0.005580215080987804,0.004878209364791325
138,-0.002808077630497477,-0.0025321202562662965,-0.002360605151613528,-0.003159291315524782,-0.0029429632905739536,-0.002407344601409858,-0.002449675595758132,-0.0026593427551975055,-0.0022986830911505872,-0.00232821587362448
139,-0.006933377809332457,-0.00521878927321792,-0.006191138360160734,-0.007139447964388867,-0.006673293044152113,-0.006787306200009455,-0.007234221335058477,-0.0070349073174373325,-0.007641995031091541,-0.006878000001095147
140,-0.002087325916162984,-0.004205657323580172,-0.0027292619904422766,-0.0025461809512739167,-0.004029893469185943,-0.0030712193356048443,-0.0035592596694420447,-0.0028594494168333083,-0.004565037208099445,-0.0033532031388405032
141,-0.00011403449367070138,-0.0015353535913169257,-0.0010521633894367524,-0.0010123723017523816,-0.0009140555196936319,-0.0006715757138138195,-0.0006976669014620211,-0.0009802747135411445,-0.001434557296428981,-0.0009659856341865012
142,-0.0059705481566175765,-0.005943754973524967,-0.006360083418388337,-0.004570968942392445,-0.005144040216883666,-0.005893756445573134,-0.005999387102913874,-0.005504966787925666,-0.005530129543634027,-0.005460634528422159
143,-0.00022936603024041081,-0.00035608161260914555,-8.007420616500767e-05,-0.0007477872187818509,-0.0005931599337309617,-4.143186756094992e-05,0.00020342744644920828,-0.00019346178255592698,0.0006011930913386249,-0.00010681668834774515
144,0.0010138781584811982,0.0015432624736224302,0.0009284284014713862,0.0016917463963834352,0.0014225794869956836,0.0011926923494840003,0.0010683307336460395,0.0012967983288044204,0.0015633287937222872,0.0014183462311778724
145,0.005762698268202337,0.007170736696697169,0.006016994543515811,0.0055126488112535125,0.005739385465127058,0.006121154457971262,0.005960411541622328,0.005794701204454894,0.006576449098087356,0.006078312151943049
146,0.007361808328575125,0.008241219191286423,0.006853008521009645,0.006944982955105362,0.007628955265526376,0.007266864008717119,0.006756956180208235,0.006727520253409242,0.005853143307683789,0.006953230121400608
147,0.002915225728758671,0.00240013186319283,0.002609655242109781,0.002877361933702966,0.0029549721490047544,0.003004971961877924,0.0034094549367307504,0.003038176352488864,0.003933266588011792,0.0030237419371885446
148,0.003376436293647303,0.003646012315872238,0.00346600540274411,0.0030887020752246247,0.0030127018739842196,0.0032043864650239265,0.0029395864636634506,0.003080876861390097,0.002698137345281175,0.0031305867886915147
149,0.005950482535157052,0.0052381206223044985,0.005006479309413335,0.004354782137478161,0.004519722152455249,0.00558073068169411,0.005354906784871774,0.0048239900019600235,0.005023810184586874,0.005130732130440657
150,-0.0032896995750770703,-0.002757519835234342,-0.002591770240686289,-0.002963853465238596,-0.002683671558460843,-0.003187808903653191,-0.0031800299232282924,-0.002967765090433448,-0.0036267417980182202,-0.0031626922170937214
151,0.004214924235243742,0.0033115369517935167,0.003369318648914578,0.0037993657458801934,0.003639678942225302,0.003979988961436079,0.003969495892369287,0.0037672619577084066,0.0039091986607605106,0.0038283718887323456
152,-0.02004060383854471,-0.01806859057748339,-0.01874698913277604,-0.01840609859817473,-0.018244485524550852,-0.019288286834108707,-0.019108302612167928,-0.018715449467119352,-0.0182220339257968,-0.018755899727807522
153,-0.007244179988104385,-0.005202926453122019,-0.004901238564570918,-0.005000250716589621,-0.004417971501813617,-0.006516593738478345,-0.006416905998843328,-0.005480971041699918,-0.007097800598926782,-0.005974692406043382
154,0.020654763757149266,0.018554603545003247,0.019503657968394136,0.017796433051977915,0.01805447052037895,0.020069626872250126,0.020336460936862574,0.019121276208139297,0.02015070635854679,0.019329817566853078
155,-0.00415066587324328,-0.003129427495214703,-0.0037819186939342924,-0.004386603908361206,-0.004000463440572238,-0.004204685245585516,-0.004579144914845309,-0.0044158483040884966,-0.005146543777187485,-0.004306225820539785
156,-0.0023481665374056253,-0.0019557419040968143,-0.0015277312016974407,-0.0017002147568838859,-0.0014181758177964263,-0.002031913584843615,-0.0017761146460960454,-0.001668008848631313,-0.001793831730502616,-0.0018146106297388747
157,-0.016895387717596574,-0.016604579056625147,-0.016813455057310148,-0.01658567885518766,-0.016599078463528625,-0.01682277365725219,-0.016836041750815524,-0.01673948386373283,-0.01670250653019075,-0.01673067984409713
158,-0.00683321292048054,-0.0075476139304013305,-0.007306351488181012,-0.007929712084353249,-0.007908617563133168,-0.007562848751133824,-0.008081050848153741,-0.007997949837844706,-0.009243242613355893,-0.00782040367487587
159,-0.004685583482703387,-0.00446517890366521,-0.004909341676359061,-0.004614641835448852,-0.004540603354365777,-0.004867272739114273,-0.0052251740655286675,-0.0050149420955132,-0.005633805166419025,-0.004807216001425261
160,0.010763259629230599,0.01067390325479978,0.010912919148583479,0.010137410593525041,0.010339854939196914,0.010692739291546103,0.010722954262867238,0.010532216390417126,0.010457950043839767,0.010503073648725027
161,-0.00146632494044574,-0.001996256418132017,-0.002121035031841436,-0.0027622888618629923,-0.002738062326796269,-0.0018232544387404223,-0.00200692187304406,-0.0023772098015786627,-0.0022022061954952874,-0.0021832549274708856
162,-0.001974704254011423,-0.00179942829821696,-0.0016941353826706524,-0.0017498997236120532,-0.0017721729550215447,-0.001824056778564201,-0.001732415535075474,-0.0016967340634626673,-0.0015622456425615657,-0.0017417657849100503
163,0.0019891410414979026,0.001856512203838613,0.0018085619264539684,0.002361583788896762,0.002107176581589964,0.0018667911966711594,0.0017364178198142487,0.0019988408272637688,0.001594393264758263,0.0019292212842056873
164,0.001603672454931147,0.0014033557000344018,0.0014177783643779492,0.0011563339637789265,0.0014233335977315766,0.0015041670740688702,0.0014721646702976017,0.0012979305527615547,0.0011255745927954285,0.0013513304041458322
165,-0.0026644481725743934,-0.0023068488431103947,-0.0023826586277564646,-0.002937012894124587,-0.0024186903886872146,-0.002739975333056705,-0.0027899753039156796,-0.002835709709515493,-0.0033752216328542506,-0.002870084938294312
166,0.0032704398493786395,0.0032264879756995443,0.0038979470725281047,0.0030602604262348816,0.0033537390245302343,0.0033384341162214443,0.0033820121097872906,0.0033563710589214896,0.0029657278917252913,0.0033960211448345735
167,0.008452715536147739,0.006885940813299497,0.00802777493283608,0.007880901705941742,0.007918777120784988,0.008197891162210348,0.008558045016284663,0.008191087006798286,0.008240603968545274,0.008049825742946071
168,0.004178337750112661,0.0035515079333338965,0.0027291304143133846,0.004155739981698649,0.003351137608530193,0.0037400230032211762,0.0036159393834225236,0.0036542354521619017,0.004184353089001808,0.003529300200930459
169,-0.015340026051513394,-0.01491345406897962,-0.014222371292554145,-0.014501204319727293,-0.014112741414397872,-0.014913214781072754,-0.014528856946371349,-0.01439475282823857,-0.01467820162558921,-0.014674267377189548
170,0.001996011762802362,0.0019977596228688273,0.0015150144426214424,0.002000868165259153,0.0017796242204881885,0.0018336766652416485,0.0016269497482260854,0.0017128212089818058,0.0017510409902509283,0.0018270700611648944
171,-0.005770849129453039,-0.0043229069359503255,-0.003431971819106247,-0.005929009272141106,-0.004392085532800122,-0.004804712839384954,-0.004281481487214718,-0.004751977159194549,-0.004473369949608866,-0.0045610977267728624
172,-0.0061200143368995855,-0.005107633457767153,-0.005497312893253224,-0.00533058612274798,-0.005289241571941052,-0.005695917005957361,-0.005676304546133984,-0.005488697333042949,-0.00510663776135002,-0.00536427084987323
173,0.015120771143797826,0.015634905564862828,0.01526765153865114,0.014217344016628428,0.014690496757449786,0.015337353751054241,0.015266080762352663,0.014823439906796833,0.01543084818709499,0.015197249174254409
174,0.003229224413807104,0.003455321873725637,0.0029367960578150012,0.0033238456550289236,0.002895268110027817,0.003163486412443124,0.0030548863375785646,0.0031582678780832166,0.00356153662629336,0.0031556530228463294
175,0.0016375619550825138,0.0014759760272340004,0.0018376516588066824,0.0017834423218742175,0.0016265165375362075,0.0016126363545664077,0.0018307995076722483,0.0018489505442427778,0.002026652057894374,0.0016394514109561806
176,-0.001520270603795819,-0.0007293809541312582,-0.0013631344570531642,-0.0009134889380068797,-0.0008500334033230254,-0.0011991171359968353,-0.0010053169638651214,-0.0010320357026577538,-0.0002587999241010681,-0.0010579175014596674
177,0.01199864811622983,0.011387033674046976,0.01148284502991661,0.009590982332257789,0.010204099937439754,0.01177321670182617,0.01197363910563548,0.010867931388738667,0.012052679851381929,0.011157136982948661
178,0.009573496434512696,0.007714301790327781,0.00761429405048238,0.007974463594916194,0.007295807502656993,0.008672975906795619,0.008560375839511185,0.00806309684289919,0.008811976897961368,0.008181586975805705
179,0.0009964705360551687,0.0013314727088317665,0.0012356313915547162,0.0008275942397038332,0.000727901478526386,0.0009904723622633728,0.0006631548286557495,0.0008375232795588808,0.0005230205978181371,0.0010526612763410662
180,-0.0033237547882677097,-0.0040070853271517316,-0.003947067540104579,-0.003026778186139692,-0.003969004955879238,-0.0036110600408629182,-0.003752383324332766,-0.0034456580369721457,-0.0033523274619779685,-0.0035438049320608896
181,-0.005932389189009739,-0.005413582762836526,-0.006272235434524117,-0.004686901893704827,-0.00538190595183195,-0.005996347587461851,-0.006120722707036129,-0.005576075636485147,-0.005454236220475897,-0.005761970542569228
182,-0.0015897738336498753,-0.0015152305072976785,-0.0012675128269507589,-0.0009427879283004791,-0.0010630623160210882,-0.0014587675623230576,-0.0012793062401559585,-0.0011110291572599248,-0.001067015300910858,-0.0012608066564242977
183,-0.008852317190450666,-0.008299739836064695,-0.009013742421562394,-0.007044582281231257,-0.007510158695288864,-0.008659773383683546,-0.008780506116029502,-0.008121723838409041,-0.00837925327407004,-0.00825730176296201
184,0.00199065203682107,0.0024159696013741445,0.0022803889943186664,0.001734877794674258,0.002235431974029938,0.0022117828379101074,0.0022602595925904287,0.002056238239651943,0.0020579297591404454,0.002098309482168352
185,0.0002847835930682918,0.0007351716458316008,0.0006371346246504038,-0.0013020921138744363,-0.00100531042513943,3.188257936458691e-05,-0.000456408301104075,-0.0006320593417564579,-0.0010514306543420386,-0.0002984577428618504
186,-0.0028472526104136708,-0.0019524651468728622,-0.002259242574452657,-0.0027357993618952964,-0.002575304430973418,-0.002585569293150758,-0.0025024092602098282,-0.0025254245660744725,-0.002116660045481433,-0.0025412021329439035
187,0.004447642562211809,0.003354459549588619,0.003997378770433817,0.00337516483832996,0.0035072405016846513,0.003985513549804998,0.0038299010033313735,0.0036089494688648547,0.002993797566409612,0.0037831389570491146
188,0.005154550369601995,0.005886398250863631,0.005092885943671343,0.005545746012858417,0.005396931847215116,0.005223856232071491,0.00515037789273116,0.005272099667844392,0.005794633527268836,0.005273484549805486
189,0.0025326169790105832,0.002555297948559223,0.0019141377349373339,0.0023823433389771583,0.002333265585350391,0.0023438508771472435,0.002120248164000325,0.002111777990215343,0.0021891777846103216,0.002246226465755301
190,-0.001175617881945611,-0.0001781691758004412,0.0002123226297797813,-0.0009790792462394155,-0.0001796303548675768,-0.0004025896809918012,0.00020458602905126886,-0.00020107063801440414,0.0007723914206604469,-0.00024030760737831685
191,0.005516995044817664,0.0061043662875836634,0.006334388473985569,0.005680881584838555,0.0057531874677197205,0.005550009524487999,0.005429025826463623,0.005735260953389421,0.005038716240941361,0.0055685548882718275
192,-0.0005621505433959299,-0.00024230122921354614,-0.00019797521788230473,-0.0005907760975403552,-0.0003883127463785919,-0.00034587078997588253,-0.0002300705840854383,-0.0003458634619697288,-6.50490450952232e-05,-0.0003240816014072021
193,-0.004147734061360864,-0.0037037122168334527,-0.0032144568499910603,-0.005738555001913937,-0.004665789760543632,-0.0038962090862776945,-0.003978546117715184,-0.004584207410293478,-0.004535752843575069,-0.0040900170012307235
194,0.005986525628978946,0.005025285881759647,0.005068542916400408,0.005021111273820185,0.004716778644917004,0.005583236695696955,0.005336603813465085,0.005121864316788791,0.005116199279569125,0.005430875634506303
195,-0.00018048890187563377,-0.0005267137141854034,-0.0002624125667831099,-0.0010192698559348913,-0.0007271092372778884,-0.0003318609923488383,-0.0004479442793920464,-0.0006833595666199325,-0.000993383098774604,-0.00046892214520642445
196,0.0007285553884327622,0.0008689308325951527,0.0011401169037478856,0.0008321630186863467,0.0011172805433273566,0.0007967343581705732,0.0010725367846950175,0.0009909463675120986,0.0007108056837684242,0.0009222117129125199
197,0.003988241418960798,0.0038079033695834733,0.003927054171637359,0.0032520954720799133,0.0035050478315712973,0.003915744970558855,0.004033636297726036,0.003694875842464783,0.0038059585813413894,0.003737414374958403
198,0.010813224565299442,0.010505568082501556,0.010097626645423362,0.010300458012673819,0.01004061189946619,0.010512119499942137,0.010180540880383886,0.010176931992897573,0.010339874823853543,0.010208454407728494
199,-0.00020184404190213005,-5.131164304913874e-06,6.628279819240819e-05,-0.00010484741938778202,-5.1048433968585395e-05,-1.4513163938011022e-06,7.105872099282223e-05,4.8755026067447615e-05,0.00013610204870817544,3.514024261696397e-05
200,0.00021364865332251055,0.0005095876356835675,0.0005354864955928684,0.000437061128785779,0.00042363704437390086,0.0004355073457595937,0.0004696420601934038,0.0004973018436087696,0.0008473773807818102,0.0005386429618716374
201,0.0014393679223739632,0.0015535772010214308,0.0014176746096247303,0.0021631587518333613,0.0016824431920789006,0.001491377224801378,0.0019608127344678105,0.0019963254395148618,0.0028193478979975485,0.0016862354746386863
202,0.0061693744820347715,0.006652154897326122,0.006808242859767539,0.006879966923031961,0.006792032179161538,0.006389453278856691,0.006384907291128776,0.006695168704001381,0.00671122156560694,0.006576049626516057
203,-0.008714228913183459,-0.007063909473834756,-0.006079985612066908,-0.0089262040519363,-0.007660689422372031,-0.007362507031593282,-0.007377428457032727,-0.0076548664799331425,-0.006940704269868245,-0.007059711115088278
204,0.00656943508503189,0.008833198398843556,0.008620278928189055,0.006859438217159091,0.008685886511616467,0.008112784755848031,0.00805450636334897,0.007564825740827459,0.009656316093188603,0.008430818299159348
205,-0.0025683705653728236,-0.0008378156669835294,-0.0007407379334381395,-0.0008576312074890615,-0.0004248683178281554,-0.001277277199026134,-0.0010656711392425635,-0.0008033302375846673,0.00015138521197153448,-0.000680648839709493
206,0.0036345276509239595,0.0035550683833339603,0.0037134183891496756,0.0034307861284765197,0.0029599897846944137,0.003713461365618767,0.003780945769428966,0.003772958030172267,0.0040208098360041775,0.0036267835877641405
207,0.011755336770626297,0.012704972715664509,0.015426479259434018,0.010597474723815344,0.012717922138624632,0.012214841118241742,0.012746811792700824,0.0124396531160906,0.010471930787390699,0.012102901595865318
208,-0.0012400564512117967,-0.001975710997774282,-0.0016028908206791078,-0.0026131360979717412,-0.002333203945959636,-0.0017176955230160005,-0.0021321061773874514,-0.0022755322923636288,-0.003503621588044615,-0.002104031525861758
209,0.00024098903302188432,-0.0003779045597997188,-0.0006123406364234394,-0.0009713291174055015,-0.0006997263970519407,-6.584648461587243e-05,-0.0002883109800537627,-0.0006956463827207944,-0.0009409505026978533,-0.00037891486404689127
210,-0.00017798684903827825,-0.0003061450564698987,-0.00022316301438525966,-0.00023154401109430752,-0.00048098042358464175,-0.00016417135735179037,-0.00019442154863664237,-0.00019565176489476366,1.4918817495230847e-05,-3.0421278390920653e-05
211,0.002619180836273376,0.0032556206919152875,0.0036619778504482854,0.0030629018224668696,0.0034575321444637952,0.0029949069583151775,0.00296390516238784,0.0031490734679319185,0.0029258858060929507,0.0031600557701779814
212,0.006597024489936277,0.006466330971350546,0.006204224124027966,0.006128185748015032,0.006412028856883205,0.006464089366051873,0.006513209754970774,0.0062820861333883656,0.006161038270318961,0.006137047028182723
213,0.0018564379862848355,0.0015204661426488867,0.0016822444748297932,0.001561761814532272,0.0015769223683233901,0.0016695509618214531,0.0017517872167963208,0.0016830737647944018,0.0011651581923141751,0.0015541897403798938
214,-0.003502709457123581,-0.00385085140014688,-0.003934653756899981,-0.004249200640205283,-0.003743145056846773,-0.0037849389473066757,-0.003467012180518271,-0.003937616699502376,-0.0040594723716257525,-0.0040737943064592
215,-0.002078699249965058,-0.0014484169550423285,-0.0011812224077318474,-0.0013427336694855142,-0.0009292247538527981,-0.0016403840902728293,-0.001354116837617954,-0.0012582635993813372,-0.0014978192591523407,-0.0014725476712350186
216,-2.225445668453327e-06,-0.0006084345819013202,-0.0007126462028392126,0.00042401572376003045,-0.00024323988134498389,-0.00022511178647346736,-0.0005923240806582455,-0.0001958646428514611,-0.0009911263228718167,2.8000107753446603e-05
217,0.007960796100753995,0.00671285254868796,0.0060351909974307345,0.006025951374311653,0.005702658671432681,0.007091684061379102,0.007454110096406475,0.006556748085487992,0.007616628848272253,0.006391607078330397
218,-0.014837847164111191,-0.012552768541790996,-0.01128451576728481,-0.014636943039015875,-0.013091602470079136,-0.013195182507346703,-0.01339901425801959,-0.013410228287596516,-0.012816694447056633,-0.012768580276270149
219,-0.0013860777463796242,-0.0015693403051207757,-0.0008217454168790708,-0.0023249257812323516,-0.0019489938515660837,-0.000988687912905628,-0.0012632016429473085,-0.0015961654487130859,-0.0017958045066342448,-0.000566841215817673
220,0.00029148393453100763,-0.00018789033537175686,-0.000695211324447809,0.0013320671757933297,8.25696703274743e-05,-2.8661306551310082e-05,-0.00021345030720304817,0.000364066613828254,0.00031614049059009114,0.0001740147545788328
221,0.0049805421695222635,0.005401018462317678,0.005334515800833654,0.004941683135806516,0.0053318867237222055,0.00527609309149575,0.005346229953865494,0.005185206515266934,0.0055394788910023435,0.00524229665849896
222,0.002504961126497363,0.0027219241701184685,0.0022419755711253404,0.003084520016725026,0.002717057691040766,0.0028851474402270877,0.003127292607854226,0.003037242269056404,0.003989804210296001,0.003094807408495829
223,0.0020853696558708343,0.002530284712097016,0.0026309160196780336,0.0016591746269899695,0.0020354660623773738,0.0024218014184355535,0.002354014646803026,0.0021204336681769544,0.0027951590541582974,0.0024172159899232713
224,0.005006804694758071,0.005698094265884921,0.006225213805675088,0.0048181775478973975,0.005769501052770039,0.0054397454311796685,0.005611094158979051,0.005408387582400599,0.0052378781953923695,0.0054185858559399605
225,0.0014828607329039087,0.0006091861586478005,8.392372988028172e-05,0.0013542749791592105,0.000886075047002675,0.0008425492907152058,0.0006062347650868508,0.0007436239798697952,5.73123280174356e-05,0.0006349234323626053
226,0.002649856373819534,0.002358892229459022,0.002328224730756426,0.0023391725540620046,0.0022845304224783634,0.00251189562157617,0.0026408313102402555,0.0024651195780149055,0.002509791170334916,0.0024469310573030797
227,-0.0017225855244839662,-0.0006368944812475679,-0.00027826445896575827,-0.0006981242981095467,-0.0001741339867312073,-0.001014846825193831,-0.0006642375587486006,-0.0005537999976558337,-0.00023173428472066408,-0.0006712539130118092
228,0.0063209666757231935,0.006581859878602525,0.006779426892433711,0.007386596265015859,0.0066109375247960685,0.006315209827507909,0.005813878818907287,0.006652503314367215,0.006375699678578303,0.006603338575141162
229,-0.007716145293022117,-0.006417623290818953,-0.006995163162845083,-0.0045369153946621995,-0.005541729085646225,-0.0068807656379391196,-0.007508389324336557,-0.0061503536746984975,-0.005730611886939843,-0.0059885348469566405
230,0.008439601885801326,0.009033625529279386,0.00923196554695615,0.007786187990714963,0.008703505306232085,0.00886767373291657,0.00887367523784277,0.008458001902881856,0.008942754582368567,0.0088072949240804
231,-0.007076044412528343,-0.0066850076604711706,-0.006118508973693402,-0.00684231907220377,-0.006735619074701512,-0.006797228381451626,-0.00702168776007058,-0.00673911423770655,-0.007158185907687797,-0.006612121471773878
232,-0.009777075633783397,-0.009862723281868184,-0.01115824424520127,-0.008047538844488795,-0.009531925790269092,-0.009841539074518183,-0.01100211166577116,-0.009871652250979818,-0.009896508181940673,-0.009502085477961768
233,-0.0020654838637463873,-0.001752608289854641,-0.0013017619315126372,-0.002202581191095343,-0.001757738856520459,-0.001801657967185,-0.0014033570617940137,-0.0016497768743041809,-0.0015802113018318082,-0.0017846521129736754
234,-0.0012998086922627315,-0.0010346180372177564,-0.0003224247771641917,-0.0015770260473640108,-0.0009890531480486867,-0.001180197235577097,-0.0008221220649686257,-0.0010217487405380483,-0.00125366197476988,-0.0011797024308134831
235,0.0067481663511625815,0.006377354206129967,0.0059475263729008914,0.006397224052140545,0.006280428020806082,0.006676742635233529,0.006783679440424366,0.006461691660491664,0.006926002136711125,0.006649681416144141
236,0.004692258567697922,0.004793712932737989,0.005619079019656033,0.005110876358474731,0.004788857913437742,0.004731767412033071,0.004779030617520401,0.0051806327384356955,0.004515936620262019,0.0049007776435128995
237,0.0070458888637910215,0.007298876397359009,0.007657807865230022,0.006586767051281452,0.007248312149081752,0.0072353747575597364,0.007474328016576881,0.007168529072683968,0.007020053040107183,0.00710302064639385
238,-3.765092361777663e-05,-0.00026995979321823085,-0.00016132502427509922,0.0008895638166333891,5.7345059498560905e-06,-0.0002927288929634967,-0.000476392911393707,0.00019209078947722644,-0.0004393835641347769,-0.00012822978705508332
239,-0.000896857840390407,0.0005231172045420241,0.0004754853319109758,0.0008496412066380987,0.001325442331604919,0.0002199236611105281,0.0006938246497784671,0.0008320801361111807,0.0014749300548231462,0.0007452259184287046
240,-0.0030249074301018503,-0.0030701086239507663,-0.003240203090701532,-0.0032334772256441447,-0.0031578047204772444,-0.0029821477413450098,-0.0029157479261557834,-0.0030995097407025027,-0.0028704784920047677,-0.003040553815571185
241,0.010663770640226736,0.010636284347639528,0.011330165963387328,0.010002073269252794,0.010171486804135228,0.010510055174876277,0.01072897376354539,0.010593630480639736,0.010400155815356624,0.01028058964339641
242,0.0082085214972298,0.007302310082085912,0.0068458730989836986,0.006505402730280975,0.00647135902430368,0.007705150745954381,0.00735406443459291,0.006832594867765021,0.007062874299627501,0.007258606289469092
243,-0.0060879186002787255,-0.005980647352733232,-0.005977258581059327,-0.00595480273010272,-0.005923507233814166,-0.005982679604313625,-0.006049612164873175,-0.006012137339747999,-0.005927449665264793,-0.00586160895584336
244,-0.003564134815803509,-0.0038675572798293157,-0.003809693060533052,-0.004122342030575123,-0.0040754006957960465,-0.0037595865898404526,-0.0038765426624299566,-0.003990981620950274,-0.004186669737472294,-0.0038903255567526007
245,0.004958640538984786,0.004613070774728454,0.004527477048709707,0.005206294836889797,0.004418459613711135,0.004803856055622854,0.004446553802398349,0.004827828936791274,0.004574491799102639,0.004877989571106311
246,-0.002802826372021992,-0.0032514849922716843,-0.0031782744453441366,-0.003146102680146613,-0.003089758624560182,-0.003181806836147589,-0.0033729135157483233,-0.00332548757804988,-0.004011970151325298,-0.0032751889842223348
247,-0.0011451944701748608,-0.0010480407865630379,-0.0011596787317268565,-0.001105906659111288,-0.0012917334453606834,-0.001000368351659424,-0.0005410891531111512,-0.000840125071621308,0.0002926417524217761,-0.0008897827755428313
248,-0.0014897487567180475,-0.0012915725620214458,-0.0010682565292031033,-0.0015440351724506154,-0.0012849407515608448,-0.0014315210629659517,-0.0014890444159236418,-0.0014565801924167462,-0.0016107641683895573,-0.0014320546913105612
249,0.0018696974444975037,0.0015836163148258678,0.0015708641714112042,0.0016784630143277185,0.0014749342330076711,0.0017009978630740828,0.0014921802458600167,0.0015721398028309811,0.0013224432275333474,0.0016711190366640314
250,-0.005665142662864265,-0.005550626926438474,-0.005526497875918,-0.004846228840817901,-0.005005081745172902,-0.005627675893239958,-0.00550900982758312,-0.005236611802803144,-0.005489115835739407,-0.00541364083846457
251,0.015701593256646156,0.014606762263106542,0.014008215986443761,0.014832301682430625,0.014283985460080717,0.01495836913341066,0.014956289228705871,0.014694749457080051,0.014707355580676047,0.014537387708981955
252,0.010116782877511735,0.009121224861106472,0.008848785490240957,0.007624516546380717,0.007771990714765926,0.009479780414890573,0.009870491209643537,0.00872676451867614,0.009913200742348553,0.008761501152293266
253,0.009783301606262501,0.009565240829072844,0.009388941381199336,0.009948347777011122,0.009685449312174726,0.009553043909446574,0.009424500982445004,0.00958637013145712,0.009476528186542129,0.009560898575542771
254,0.0060920754830507155,0.006315328836701629,0.006630887131349502,0.006063129131522624,0.006573591341169423,0.006285839949145125,0.006603493123150768,0.006408053768047577,0.0062095121482222005,0.006316071284966838
255,0.003108531534788799,0.0028927659463447056,0.002987193258651844,0.00189056643148667,0.0020239277721698073,0.0031088176510020212,0.00325359752589372,0.0026824794988849934,0.0034490955091622537,0.0028968968744833906
256,0.0022531281504161284,0.0020870080624560755,0.001794061501503875,0.00236352893807275,0.0021909480521720434,0.0020427225836834972,0.001959020097695258,0.0020420289422031796,0.002071203437961574,0.00198938649627702
257,0.0009047052602439844,0.001099149094487163,0.0006402670742810695,0.0009348033908255621,0.0007127554937364348,0.0008364010446564778,0.000884772218621762,0.0008599658864229948,0.0016972774046128923,0.0005940650917304674
258,0.0023530686538684393,0.002619673469125493,0.002608998253919798,0.00244974123554046,0.0025975046472543123,0.002460216945842601,0.0024527607557140348,0.0024761529423726406,0.0026009589976596715,0.002427608427232473
259,0.006494943730243033,0.007068850387936846,0.007794916483311283,0.006838957125389386,0.007122180161597432,0.006905206470637479,0.00664192958610604,0.006974236115081761,0.0064091116980271295,0.007173239379415988
260,-0.008796925180290889,-0.008860981876070748,-0.008877257631384854,-0.00915495299177251,-0.008930811336566773,-0.008714943851805716,-0.009247127261041013,-0.009218570141841777,-0.00951434280643865,-0.008601466816195866
261,-0.001019574073446191,0.0013392954574975241,0.00270360724805282,-0.0015876552268139707,0.0005313638341552596,0.0005199806794837741,0.0008530619025883183,0.0003050184352456414,0.0012885812702967472,0.0005375797833434837
262,-0.003714102048952171,-0.003505543543132755,-0.0029833623742594336,-0.004111677441928796,-0.003914066747933823,-0.0034113265806430355,-0.0036710410161550616,-0.0036695603351659997,-0.003874452799901389,-0.003313481590481609
263,0.004349497572541319,0.005735337901518787,0.0058099138234341515,0.00425066801443925,0.0049684957605166565,0.00562252370198588,0.006261676469713378,0.005530568751099388,0.0077611805610090685,0.005822682900087053
264,0.004669705284138261,0.004030426353315883,0.004770952564730301,0.0038716482659941777,0.0036255081666039923,0.004254094735444506,0.004107677870723178,0.004137657060166555,0.0034716697257368007,0.004234251478028081
265,0.011183819176022479,0.009892320855260747,0.009197677462801458,0.01083955310690139,0.00992062034582868,0.010266858375180642,0.010625216816513326,0.010433152762276344,0.010543858512994839,0.009937540660480382
266,-0.003916317440161723,-0.0027356692766683237,-0.0023687164441210055,-0.0031133150360516896,-0.0030027985509166483,-0.003006976801268779,-0.0031107873045319507,-0.0028783482239817335,-0.0020210947032976243,-0.002547120823563666
267,-0.0030080126143267674,-0.0017708529637283717,-0.0013762169579229911,-0.0026546035513168274,-0.0018729653765154819,-0.0021589442480576433,-0.0018193226744194551,-0.0020519012563968092,-0.0009395915162785263,-0.001851023837673014
268,0.010511172985863992,0.011224413244097682,0.011629435791929356,0.010017831949902089,0.010924553758507885,0.011020139358721983,0.011437517619806804,0.010898163684172372,0.011757471368936305,0.011049000382519769
269,-0.0027837074746967045,-0.003331591300645969,-0.003407081308466035,-0.0033091366520540486,-0.0037940376454816144,-0.003193735639004321,-0.00295355176263594,-0.0031666376747122933,-0.00265027480883781,-0.0033673802510151753
270,-0.01080254823672874,-0.010970066330933191,-0.010889067782285839,-0.0107830295824911,-0.010970663608572934,-0.010821944009038416,-0.011033154194052305,-0.010880891744646834,-0.011284987771070043,-0.010763351429586662
271,0.009073404610902593,0.00895436750668624,0.009629846201811367,0.009167281127041927,0.009009015153564764,0.008947963321630894,0.00935999869053817,0.009424916492881411,0.008990477358948892,0.008961341271490068
272,-0.011593255094257293,-0.01052502576077382,-0.010360308343808773,-0.01097298655528697,-0.01075588401890941,-0.01112991267039324,-0.011410673532026369,-0.011001534434136952,-0.0107837579532149,-0.011159035669299057
273,-0.019536342574096695,-0.019515674757659553,-0.019809188124304593,-0.018784662893365688,-0.019268642660996937,-0.01927921839509729,-0.01916043118498208,-0.019093773143059944,-0.018430048737924865,-0.018831227811258084
274,-0.05134094670810234,-0.05055690998704925,-0.050082830427687366,-0.04990285413523757,-0.04969211015954256,-0.0509850863332115,-0.05113105454257218,-0.050378061742408664,-0.05167288298072106,-0.0507840990343717
275,0.029514710147923402,0.028605661042157327,0.029115828688622516,0.027764527490653713,0.02786004715022415,0.028799384752962773,0.02865702483376832,0.0283560351680035,0.027523830197528486,0.028234406363614538
276,-0.0027371829632901424,-0.0029228704487860887,-0.0036775171462242132,-0.0032157150524188887,-0.003755693579933137,-0.002770902609025374,-0.002816976880083144,-0.003136103490793383,-0.001547003704296687,-0.0028811618280566277
277,-0.04354794532168465,-0.04387823129570323,-0.044092385027835,-0.04388086789615006,-0.04379859573332053,-0.04371232357254677,-0.04416404965612107,-0.04410068097048288,-0.04473481421325419,-0.04380043697984362
278,0.02927147994015237,0.029150089288767313,0.029460875625786746,0.028357109524728516,0.028264617789554324,0.029210614606413617,0.030138744482450207,0.029435874708942107,0.030676815747376678,0.0288874629395503
279,0.007053231909849214,0.008297456197482789,0.00863706400486856,0.007837772546778726,0.008761213768850685,0.0077692123049827155,0.0073149635500452575,0.007755076852117459,0.007000216988628571,0.00791280341897891
280,0.004432619525193375,0.004827486225891542,0.005101992763746325,0.003672600846031165,0.004357483632878967,0.004681954783269197,0.0046935075042821755,0.004338125578719333,0.004690313658248733,0.004528497722957182
281,0.019101930605320623,0.018815600341625837,0.018760945019510124,0.01833088432165004,0.01802987146998642,0.018937324970218126,0.01900426585539302,0.018750607134836714,0.019281510908929038,0.018648538835172337
282,0.013305112936294794,0.013682022268249536,0.014149246996366095,0.012660094521047216,0.013718335198372317,0.013547138885525912,0.013587569669417227,0.013279232368816245,0.012799662613607633,0.013401286192211178
283,0.0001777017183881614,3.6857509766328274e-05,-0.00047079064628485594,0.0007631842230604225,0.0005717448025603896,0.00010441335661206912,0.00017149865259254312,0.0002510730662529841,0.0003075245221112906,0.00022655587598494216
284,-0.0030899143575233144,-0.0029912549033862604,-0.0023189490189668054,-0.004273474722528611,-0.00373860644194485,-0.003041194497296867,-0.0029541369615852793,-0.0033552890030073843,-0.003213043193449231,-0.0032620820364708822
285,-0.011962000470528951,-0.011519719480734766,-0.01147063838917814,-0.01127050085300351,-0.011472446193620728,-0.011713130249324855,-0.012171070084601773,-0.011653155702132491,-0.011922183085878965,-0.011544660751114301
286,0.005159793739341717,0.005436015862489466,0.005216799604960793,0.005337441422883518,0.005736343067736646,0.005327682070038635,0.005451951441727978,0.005316230710891598,0.00552183584770854,0.005353972267698597
287,0.014841244467599022,0.014765256047526078,0.015473791792478094,0.014561931399630594,0.014547716011331695,0.014825385740171112,0.014682649862804608,0.014834497759998951,0.014149138662774329,0.014860390735208692
288,0.013889198340511322,0.015054251463095466,0.015036193168194004,0.01478146916755907,0.015443370853504085,0.014644513358878855,0.01482326135349657,0.014860621687981758,0.015387414105242386,0.014880476819713422
289,-0.011665595217825672,-0.011992096174225406,-0.012052803785822476,-0.012384226325665097,-0.012215522308729033,-0.011959976897658396,-0.012094635121475003,-0.012261049496044544,-0.012486369478793691,-0.012234352622933275
290,-0.013976788964726265,-0.013992611950144628,-0.013377851945868787,-0.014186181821714598,-0.01391886414543668,-0.01397287737805036,-0.01406553026029772,-0.013959453962416782,-0.014887510362249574,-0.013984497326382378
291,-0.0171277676826857,-0.016820421689883992,-0.016591399318122518,-0.01585720002022889,-0.01608567422497583,-0.016979457025668866,-0.016860052918586083,-0.016350774544301158,-0.016938997106064616,-0.016676871462098813
292,0.004525723064806333,0.003730201267762665,0.0036213653173592887,0.0035905417280554137,0.0034590446435113814,0.003997382357488826,0.003972532066707978,0.0037126698675687664,0.0034446463542714433,0.003696589698469678
293,0.006880954530661733,0.006433765251969972,0.006256888819091011,0.00709005808139316,0.0066810354635431085,0.006446954500990389,0.006084966393790918,0.006442569396904628,0.005867615621327529,0.006458901752502723
294,0.0073032967096685894,0.0064730323788254026,0.0058914935120426525,0.006336596911142639,0.006038240795329353,0.006798848247890328,0.0068932374636074024,0.006429542233577638,0.007005562795905773,0.006493353301165381
295,-0.003184107270453814,-0.0028752288522575524,-0.002475990698537662,-0.003214527823983244,-0.0027636043244883427,-0.002998192178883958,-0.0029078733360039946,-0.0029802694292584684,-0.003030841765712642,-0.00286760770884851
296,0.005363450879179861,0.005494202754670392,0.005596454635974533,0.005713103939449703,0.005776440105009606,0.0055210599197264695,0.005574022638055211,0.005667777553891547,0.0053803975386458695,0.005637200700259928
297,0.0194136119385614,0.019815219006344822,0.019832592887680467,0.019781546989255345,0.019733092618064878,0.01953277627387812,0.019559103860650108,0.01971682377959274,0.020028081479343027,0.01952766333017804
298,0.005345209931030947,0.004735473863127565,0.0045780428013437275,0.004674444266950092,0.004531502692308715,0.004948010803306288,0.005100680247273661,0.004833166981663558,0.004749867771114017,0.004657281478411048
299,-0.016816361700803924,-0.016277409942226706,-0.016335122340849068,-0.017369706506364158,-0.01681465355637366,-0.01630298815236215,-0.01655691792103754,-0.016853119281464782,-0.016183061471239726,-0.016303615550855043
300,-0.005046651568408552,-0.005518253937455337,-0.005461804714556111,-0.00554739049416072,-0.005725534274570744,-0.005241674081129687,-0.005141590940815125,-0.005339449527078993,-0.005382071660683002,-0.005312858352641929
301,0.0015911322534609765,0.0020621948304310267,0.002059668755662337,0.0018451495453166136,0.0020802557220849036,0.001830384253938151,0.0020073485804511016,0.0019626868378940588,0.002375976010023254,0.0018397664472742004
302,0.0004518198543037368,0.0005691253885359317,0.00075964540252523,0.0002768352345910251,0.0004929948596387496,0.000518368907532732,0.0005367589605909518,0.00045525145288959003,0.0005220560318782791,0.00054531555477637
303,-0.016368921085928786,-0.016346648455502252,-0.016338532755380268,-0.015474045151511653,-0.016077647601517094,-0.0163114514675729,-0.016593191249558645,-0.016033442945204396,-0.016502292126057652,-0.016065100472674284
304,0.0013781938921464554,0.0022386227186234325,0.0025881395717487024,0.00019684607061223706,0.001118974390890837,0.00210989768783607,0.0024671548180492603,0.001644528474495342,0.0032012858968694484,0.0019492400300776965
305,-0.00048595330496328424,-0.0008723998937225064,-0.0014080790869829638,-7.005560823697995e-05,-0.0006935824500222993,-0.0007422368477876633,-0.0006841110662583409,-0.0006104134552545285,-9.478154104768967e-05,-0.0005993020709071126
306,-0.031493951631056116,-0.03205491228180072,-0.03179888830856256,-0.03213939813707137,-0.03203906732113681,-0.03182470115900323,-0.03184990659291492,-0.031946876338299846,-0.0329002506970996,-0.03205747063345947
307,-0.0205786546687467,-0.021171594771686692,-0.02145148150715287,-0.019946900010375725,-0.02081769973696349,-0.02075483298384932,-0.020816063507316924,-0.020507942494046437,-0.0209298606952978,-0.0205426336444565
308,0.029936381283768864,0.031192065109689165,0.03372868399588082,0.028992521194565787,0.030747309056121386,0.03067214634155002,0.031061345041062526,0.030848231135821177,0.02965117436819717,0.0306496241257969
309,-0.01834991961165455,-0.019005495674279886,-0.02084489789479166,-0.015339084080030718,-0.01734918583271602,-0.0188598092136789,-0.019058781357462893,-0.017895817127078127,-0.01814920612083508,-0.018437482317423662
310,-0.0022708298167090583,-0.002443934615228797,-0.002621478148871415,-0.0014255772519432522,-0.0018423895422362813,-0.002484089058340767,-0.002481385931894207,-0.0021113414948684605,-0.002454219984471792,-0.002302408185139613
311,0.013800757323082677,0.014265860169838464,0.014866207468041119,0.012485877851864247,0.013175804112739366,0.014201153102137563,0.01439298004510755,0.01375642594808717,0.014719172850736904,0.01403615807421136
312,-0.02564555193800966,-0.026187490497993425,-0.026287401440760427,-0.025537185353064297,-0.025841364910655428,-0.026045694981136527,-0.026753500482659665,-0.026241422434696605,-0.027640382706202636,-0.026076030475926992
313,0.014841996837986291,0.015737966183777166,0.01580276553121785,0.01517795054826862,0.015475872592848577,0.015581786030759005,0.01592834902267734,0.01570595795685456,0.01682837165463471,0.015755541077745915
314,0.01640394802143623,0.016526961657560048,0.017219202269869713,0.016985597482480658,0.01686792475153384,0.016505908536391597,0.016612966877870602,0.01697009433848121,0.016106884664143836,0.01670853539412661
315,0.006056936973297011,0.006140571405899669,0.0058892611502810825,0.007252913655224375,0.006654756475160643,0.006142922616683024,0.005833480285302837,0.006445360028996502,0.006051490984057164,0.0064507155178914494
316,-0.02340703594132591,-0.024172225671547014,-0.024066689284012104,-0.023476165613183192,-0.02392844291304575,-0.023815947258225983,-0.024107670593613573,-0.023867676791169336,-0.02482207899893256,-0.023711731327047986
317,0.0020887997159315533,0.0022637601687368796,0.002675699514877436,0.0016030160991125128,0.0018875103156195433,0.002213330942405992,0.0018326188704405268,0.001860038685318085,0.0015381241215207482,0.002178466442657424
318,0.021840082815362018,0.021056434551201528,0.02113781795654244,0.01997211559501235,0.020206723925608017,0.021275185321557182,0.021287332103368535,0.020597252675140384,0.020795790732117687,0.02077243144383047
319,-0.00737571334565366,-0.007762143142401675,-0.007918677783901644,-0.007517280322460601,-0.007598653243473771,-0.007553668835372333,-0.00747201626239472,-0.007558054113926349,-0.0077798335074700745,-0.007593889907353832
320,0.018085359389553968,0.01768416742736131,0.017756229448147656,0.017273101030967717,0.016971203577178396,0.01779948603317918,0.017775838571797917,0.017553425679366925,0.01791331997772688,0.017570356094072495
321,-0.003308963709194283,-0.003948674321371089,-0.004352777389241407,-0.00301818324237034,-0.002962546759181767,-0.0037862654266919574,-0.0034145800332166863,-0.003419744269275496,-0.004178518455392289,-0.0038539333023257707
322,0.00204880908357439,0.0025717608230268864,0.0031187815150359485,0.002136814110843564,0.0027591752233099317,0.002420057366620998,0.002487031836811175,0.002453411699134411,0.0021603731321712567,0.0025704021245574727
323,0.013487289460908186,0.013329796683462392,0.013355950543555583,0.013230229685347046,0.01348767709750752,0.013222713407220626,0.01379697691034032,0.01348528324522733,0.013550995432819422,0.012961772325310816
324,-0.005771947384713899,-0.005748683331461376,-0.005296723977623554,-0.005985271428529339,-0.005595319553493445,-0.00581277415160991,-0.005805603747636041,-0.0058104363095351375,-0.0063932363479087964,-0.00581627186398829
325,-0.004450562211274857,-0.004351988391544795,-0.004589453302127419,-0.0029432169713020755,-0.004099515495858078,-0.004592173239110232,-0.0048783815743609765,-0.003969053899838129,-0.0038205043509806427,-0.004241477347245224
326,-9.649098960364292e-05,-0.001198346810565765,-0.0021527273010800273,0.0004662324210169635,-0.0010334652938420062,-0.0008009611779790161,-0.0004339179381689462,-0.00032191274213812823,0.0005868268689788439,-0.0006746091529406718
327,-0.0017210501748844973,-0.001670553237140513,-0.0013797252530535018,-0.0008522606233287225,-0.0011160217917036575,-0.001615031099595322,-0.0015321909326395217,-0.0011119319108369283,-0.0017572520400832427,-0.001309868945039729
328,-0.012675601359430522,-0.015277509602768762,-0.015718326674471293,-0.01357936514157089,-0.015807178804423068,-0.014399095783243814,-0.014893778072676592,-0.01436444289489392,-0.015776746561397936,-0.014878784776525225
329,-0.012629448435524198,-0.011851448153942366,-0.011306166718654063,-0.012511818960897435,-0.01200739940384098,-0.012027281937954364,-0.012400507711307115,-0.012231004847714524,-0.012588542859684587,-0.011878923544429043
330,0.014712561689560404,0.013674603120065286,0.013919897421249463,0.013744694300820013,0.01327806209280711,0.01406587207586064,0.014631406817414415,0.014221367582970844,0.014156473574570196,0.013754198118166677
331,2.568348132041265e-05,0.0009248523772163561,0.0016417416992466332,0.0007497987428501272,0.000959995185138245,0.0006292646571615683,0.0014713136396783547,0.001364964080191257,0.0020040636750827106,0.0008327415079535192
332,-0.008035541339051055,-0.008544422818803417,-0.009064199288588683,-0.009000324895106052,-0.008810401133540252,-0.008328262351440945,-0.00906707170886489,-0.009168744383583314,-0.009703966606347541,-0.008650416740294278
333,0.004434661027841615,0.004771473726177856,0.005341610608741287,0.004050006462078725,0.0048083411251802835,0.004534671966928229,0.004626108338914608,0.004503637776229882,0.00388317324840329,0.004343104229796719
334,0.0038539640622144325,0.0031588869206683906,0.002291302979767832,0.003266451502742608,0.0035016907572353356,0.003367806523351337,0.0028671784558529467,0.0028282401077650856,0.0018509388688044562,0.002927873683437984
335,-0.0005838936978901036,-0.0005957186337003117,-0.00018638477314279083,-0.0020128435561002737,-0.0012044878068639955,-0.0005884839219415291,-0.0004588960814896682,-0.001154693694595155,-0.0009101648478769149,-0.0008893606514902993
336,0.016331721576444122,0.016759372257748314,0.016570597568532533,0.015877216315591088,0.016574076110243065,0.016547544580021337,0.01657763454150458,0.016228219962455555,0.016480504983495854,0.01623376588950181
337,0.010936401771649654,0.010963439535531756,0.011105912442705188,0.009926635166646318,0.0100945309263979,0.011030566113641699,0.011315670688215027,0.01070538730292921,0.011604624660232151,0.010760748925206419
338,0.0030909400514050173,0.0028762947725047253,0.002414543522504364,0.00274855217935883,0.0025737003671251774,0.0027876901610091698,0.002425301270801743,0.0024573289122289954,0.0026780479584614845,0.002558813134089255
339,0.012731397366072155,0.011960743708978287,0.011809991088618872,0.012038019696802453,0.011608265284282781,0.012081767628501095,0.011801162172796895,0.01183332249962301,0.011601167505403243,0.011827733118574987
340,0.0076454782143664125,0.007659631988519907,0.00778633274942925,0.007151959527973383,0.007436954873450784,0.0075913898924724115,0.007567651633559748,0.007387557446476631,0.007330860647100559,0.007405360006529746
341,-0.0042484886153351985,-0.003624012033173314,-0.003515193436553523,-0.0032700384080736984,-0.0031786036568687876,-0.003797875855337923,-0.003730461405920779,-0.0034374812338478196,-0.0034487823087586507,-0.0034860273774779895
342,0.0005924144667240013,0.0010589462309870908,0.0010756374835238184,0.0009307978600188933,0.0010427097322432885,0.0008315032333255775,0.0011319865505847984,0.0010605061870598872,0.001595784275547547,0.0008349282888055992
343,-0.015481057823898029,-0.014040735637155535,-0.013830140606333509,-0.013646794565799609,-0.013566845000697875,-0.014718628818731979,-0.014351048561250171,-0.013815923152972368,-0.013435527378744039,-0.014459793012298461
344,0.004726946692240487,0.00476749704746258,0.004548128711133611,0.005201561331839077,0.004800617910089922,0.00467866542451797,0.004982520338852411,0.005106638789299043,0.005329692268450783,0.004559153074088613
345,-0.0011992866010301733,-0.0012864393737780947,-0.001747372755898197,-0.0014872069536699848,-0.001446808780821509,-0.0012161024561829015,-0.0012186857018749186,-0.0015020586056232624,-0.0008569213795423356,-0.0012821548701706532
346,-0.005152225109667659,-0.004820556702770811,-0.0045313233112713805,-0.0047592677798568555,-0.0044883690168346,-0.004907843026136047,-0.004466685538106415,-0.004528731826463942,-0.004581383432630956,-0.004812854227283486
347,0.007485836816456265,0.007770900222116657,0.007857838958632502,0.008182564644180055,0.008283632983589919,0.007553318874627451,0.007581927872059177,0.007896969283293953,0.007564988649850273,0.007710977200106054
348,0.0006554487181921858,-0.00023795636533058284,-0.00022689101703940093,0.00043033105542936547,-0.0003003039540597686,9.859576543081708e-05,-0.0002942461281039896,6.363876559206737e-05,-0.0007487170162233476,9.461300321207656e-05
349,-0.007898630103857166,-0.006256975278624485,-0.004706742725827731,-0.008777559371472614,-0.007299889821021695,-0.006620261912176208,-0.006470685599117142,-0.007147858284257614,-0.0066182528933590055,-0.00659247861362487
350,0.0023813293166636664,0.0023770552281073623,0.001769821554502577,0.002922494850846606,0.002829060216037482,0.002311796819009739,0.002845076961995348,0.0027182496454996206,0.0032863483116499274,0.0022581541029852463
351,2.077213257957206e-05,-2.224183881809614e-05,-3.017567929159689e-05,-0.00018331929644130885,-7.007124449470934e-05,-1.906009391492217e-05,0.00014696526574793964,-2.564535564731805e-05,6.38513215791604e-05,-0.00012809830776223388
352,-0.01625879944989394,-0.016206598665438395,-0.015521674741067193,-0.016877748216558585,-0.01590267952247614,-0.016125065164770767,-0.015570706930225282,-0.016113132508981345,-0.016728243969730643,-0.016221910388905882
