,"{'learning_rate': 0.0007, 'gamma': 0.99, 'gae_lambda': 0.92, 'vf_coef': 0.5, 'ent_coef': 0.01, 'max_grad_norm': 0.5, 'n_steps': 5}","{'learning_rate': 0.0005, 'gamma': 0.98, 'gae_lambda': 0.95, 'vf_coef': 0.25, 'ent_coef': 0.02, 'max_grad_norm': 1, 'n_steps': 10}","{'learning_rate': 0.0001, 'gamma': 0.97, 'gae_lambda': 0.9, 'vf_coef': 0.5, 'ent_coef': 0.02, 'max_grad_norm': 0.5, 'n_steps': 20}","{'learning_rate': 0.001, 'gamma': 0.96, 'gae_lambda': 0.85, 'vf_coef': 0.3, 'ent_coef': 0.01, 'max_grad_norm': 1, 'n_steps': 5}","{'learning_rate': 0.0003, 'gamma': 0.95, 'gae_lambda': 0.8, 'vf_coef': 0.4, 'ent_coef': 0.03, 'max_grad_norm': 0.8, 'n_steps': 15}","{'learning_rate': 0.0002, 'gamma': 0.94, 'gae_lambda': 0.93, 'vf_coef': 0.2, 'ent_coef': 0.01, 'max_grad_norm': 0.6, 'n_steps': 10}","{'learning_rate': 0.0008, 'gamma': 0.93, 'gae_lambda': 0.88, 'vf_coef': 0.6, 'ent_coef': 0.005, 'max_grad_norm': 0.7, 'n_steps': 20}","{'learning_rate': 0.0004, 'gamma': 0.92, 'gae_lambda': 0.87, 'vf_coef': 0.7, 'ent_coef': 0.02, 'max_grad_norm': 0.9, 'n_steps': 5}","{'learning_rate': 0.0006, 'gamma': 0.91, 'gae_lambda': 0.89, 'vf_coef': 0.3, 'ent_coef': 0.015, 'max_grad_norm': 1, 'n_steps': 15}","{'learning_rate': 0.0009, 'gamma': 0.9, 'gae_lambda': 0.86, 'vf_coef': 0.4, 'ent_coef': 0.01, 'max_grad_norm': 0.8, 'n_steps': 10}"
0,0.0,0.0,0.0,0.0,0.0,0.0,0.0,0.0,0.0,0.0
1,0.008383469677762895,0.007449354802465164,0.005889400461129338,0.007606541336466526,0.005724860375103271,0.0058384724918005195,0.009373782066039829,0.007914307130502072,0.008601110381734339,0.00919456402730191
2,0.0017888221363646774,0.008357538582243427,0.010462943602660417,0.0022174296613343973,0.009656692306334055,0.010710451452493424,0.00713780086299364,0.0026966764267273304,0.00583063684097309,0.005861908397522033
3,0.009911861730988127,0.010644453688769347,0.009508408970982268,0.008088521946945204,0.009465143203278396,0.009425240664094293,0.010584976827816612,0.011321047826373026,0.01063825513469394,0.01167969918635926
4,0.00023779129989529152,0.001898922745083165,0.0015641368953232563,0.0021226646366931446,0.0016520690984592576,0.0015513295282332511,0.002612258789578936,0.0012384918596937099,-0.0005724993918632157,0.0007138039388675613
5,-0.0017413985165486412,-0.0014122172695163234,-0.00032204199077572005,0.0003583075152650492,-0.0010552105165876013,-0.0005659803668433759,-0.0006958469347367931,-0.0008879447580953406,-0.0016829694772268428,0.00019181918889876333
6,0.0008792957153103697,0.0004069886196239252,0.001556607234919441,-0.0014359340922626546,0.0009889779050639203,0.0017159033451179027,4.719250796792818e-05,-0.0012322421396570218,-0.00016980804629191653,-0.00018023449574578485
7,0.000702193521785695,0.0014678132672693227,0.0017555691335984166,0.003247153768602406,0.001431536805311784,0.0018868675695288058,0.0008010358941508357,0.0013582289621152975,0.00018307460934733675,0.0009984735345561558
8,0.00015119623202102138,-0.0014481772039024237,-0.0014944636774690612,-0.0028460208511434026,-0.0022162803063814503,-0.001387519234331057,-0.0001554956211676518,-0.0037709931331268956,-0.0020647822810845083,-0.0027412135955211586
9,-0.007666825800481558,-0.00754639198006867,-0.007019364936446469,-0.009177353148531487,-0.006958861136799688,-0.006882952650216785,-0.007319809068456763,-0.006717265056707795,-0.006786563679031867,-0.0066381590450607705
10,0.0027665945432152686,0.005976506725783568,0.004382353317637537,0.0033105974449286245,0.004898256660271978,0.00423402157683852,0.0053754347333001195,0.006039531373950865,0.0009192927332681493,0.00152464097614751
11,0.009298896120444928,0.007584112343915813,0.008969041222601084,0.007064716552612962,0.00954625684037121,0.0086356496873295,0.007190796847490608,0.010593109819167277,0.006456194558824509,0.00683369451238021
12,0.0031294119659731074,0.00031170097157461323,0.0008661841904167831,0.001955220680349746,0.001122971250137622,0.000920383239727543,-0.0008949787379812276,0.002691861584275485,0.001129831505424149,0.0008621376314189843
13,-0.009678373565209524,-0.008031699960965312,-0.008179541899243178,-0.009201121170805442,-0.008185641467103377,-0.008086723858749445,-0.00783200815114727,-0.008020364570536547,-0.006523790407534943,-0.006359856464766827
14,0.0025870295380512626,-0.0007578344436969371,-0.0007809484692158,-0.005736833855756277,-0.0009059279709712995,-0.0007701450685968623,-0.0009110603991499607,-0.002613244040650462,-0.0016934414827560259,-0.0022256858737881727
15,0.0015611813114745226,-0.0009435206780673997,-0.0007013103762940744,-0.0027858243509869566,-0.00091084481230395,-0.0005628801850954988,-0.0012059010057223886,-0.001001147357277768,0.001040702581261847,-0.0020098091716424056
16,-0.02082619262084842,-0.019715830232069447,-0.01853005133702457,-0.016115250371541195,-0.018689463762452597,-0.01873488519821684,-0.01824773713671156,-0.01833099355413834,-0.019334754363127142,-0.020672262289404112
17,0.01437961878586844,0.011017794631641924,0.009776619240750743,0.017411892852990923,0.009600108099616124,0.009840902562497797,0.009371233218207717,0.012921860847527852,0.01307906841415165,0.013819021128263559
18,-0.02101990475438855,-0.018711312658391342,-0.019053827140433,-0.019772812712466524,-0.018844426299510136,-0.01877938627496888,-0.020102103547916965,-0.020530670578451034,-0.01977941876362324,-0.020071594737911157
19,0.007235945779428674,0.006408237030342586,0.007858766644914958,0.006837332288249742,0.00800738597632334,0.007756185821856337,0.006513854200785997,0.006458905503897298,0.005191747992084864,0.006558491987048703
20,0.017203757681139912,0.014604861346845155,0.0140173443754421,0.01817681507756625,0.01424563121944359,0.014207212548882865,0.013957916442296665,0.016737140043677268,0.01486548924143952,0.016536758028090418
21,-0.0002616301204390995,0.0009599469353774195,0.0010044930583731084,-0.00020368506778144923,0.0008088456842544371,0.0010550319504618638,0.001615323465312383,0.00020257101610445107,-0.00034900741831263234,-7.849573000075831e-05
22,0.014904270977403824,0.011894348962185086,0.012117836662010663,0.013471801034162517,0.012768554002826664,0.012168856541305454,0.012949672109358504,0.012860620346333567,0.012686424914497448,0.01398476591275828
23,0.006620930325731174,0.004273509289600748,0.003974688613008193,0.005475204926186545,0.003852740320081891,0.003760340703626676,0.0033546616025014516,0.00524083799391332,0.005521777469405478,0.004667725456724116
24,0.009537755797951722,0.009659168945453081,0.009641770341231372,0.009788184471298013,0.009406953433796687,0.009456590034333861,0.00922989444892899,0.010716194178506859,0.009958753626731586,0.009698259337765051
25,-0.0027420161354777886,-0.002023071414560374,-0.00170959123646259,-0.002112833411915896,-0.0017613697262404608,-0.0016284622981602658,-0.0017672936058191436,-0.002648878444619574,-0.0024241645208738652,-0.002354513969200527
26,0.0019878052880893866,0.002022168187640376,0.0023284780438631685,0.004224424146910114,0.002191771844993244,0.0019840408128668904,0.0030338983970665118,0.0038817476767631014,0.0030709303414174424,0.001601883845572232
27,0.0019185959054030266,0.0006966898621912294,0.0012531860097556565,0.0020468867297391644,0.001423581697950231,0.0012443747326094789,0.0013172217563187083,0.00048579736093129066,0.001069654409065691,0.0021294663207492323
28,0.0013179255556302458,0.0004972878303438357,0.0006328338957900233,0.0011732337761121941,0.0005312151011448592,0.000797875214010016,0.0010814005481731552,0.0017381593644447745,0.002327465202299028,0.0005819847387470475
29,0.0010926105513725522,8.481279318364585e-05,0.0013489319656073036,0.0009306476108653782,0.0016262715693868299,0.0016930440317541534,0.0030962037349273677,0.00039452661469653794,-0.0008444485082523176,0.0004935914918885816
30,0.0029644050938678066,0.0018415689154943436,0.002599330733967538,0.002699659949679329,0.0017693604835293537,0.0023437790373864605,0.004498495763779625,0.003692309603898342,0.0037393766934286695,0.003499369823465645
31,-0.004932856655456697,-0.0031871065238995976,-0.003599486999347948,-0.0055248507880084115,-0.0033818109327504063,-0.003615305548572146,-0.004496593255107375,-0.005032755608539139,-0.005738832736120901,-0.00564803548018286
32,0.0011202469199329728,-0.00031665463599657396,-0.0011010397103324461,0.002461967874365231,-0.0010423501022548372,-0.0007188942448167468,-0.0008426423284903693,0.001685674676685363,0.0008896559345131415,0.0012531767942873832
33,0.004127826614932375,0.00032495925019921214,-0.0009141046827966391,0.003826761440146943,-0.0008942913872214268,-0.0009698248758083702,-0.0026623389528239354,0.004148661634287538,0.0019180077179129732,0.0049330620825769065
34,0.0023067006195228914,0.00010196179853986408,0.00037720616977328933,0.0031620232830231352,0.00042749334992573523,0.0002607205768941711,0.0007832451197897282,0.00306462849036355,0.0006396375631749307,0.0024527098040110044
35,0.011841741339859681,0.011062724275437323,0.013065975527205509,0.013411054313599624,0.013214803705039422,0.013243149487532729,0.011517692953721246,0.012631970233286195,0.009553229413193469,0.01037854640138457
36,-0.01558170081077389,-0.019867860172934272,-0.018630011904515856,-0.017327125662511645,-0.01883962906687207,-0.01879994833481065,-0.020021814779920443,-0.017200010801770152,-0.016796551384992944,-0.017634462102747883
37,-0.013423431876310322,-0.012794221142744987,-0.01381223876203887,-0.011882610768457811,-0.013793810240803055,-0.014276329331083306,-0.015113979470340844,-0.013357935877395791,-0.012998944957344273,-0.012358329088645894
38,0.018796776832419256,0.018974697096533984,0.01831118648643909,0.018700274479870816,0.018435788443797667,0.01841956206043361,0.018177943952350596,0.018997462587710564,0.017540958018420327,0.018539627666952135
39,-0.0054015836927765746,-0.006056944355181591,-0.006170462908027831,-0.006049966938551803,-0.0061828746990045865,-0.006224332619339399,-0.006227985892525824,-0.005597273864219371,-0.006369799845616831,-0.006366160586821246
40,-0.003539748348875559,-0.005186026325414657,-0.004984755256245411,-0.004148990147913168,-0.004729764122452252,-0.004817644956747559,-0.004767315803530732,-0.0032616127073771756,-0.005823655951537926,-0.0042626063939555595
41,-0.012137793612042109,-0.012646395916307685,-0.011705800361504643,-0.012409007787148287,-0.011727652702590994,-0.011773897077793603,-0.011411604983274292,-0.012379909691429845,-0.013124909755780394,-0.012153606484521295
42,0.020676009180557436,0.018975802616637033,0.019380223359408796,0.020775678156840713,0.019183272004723532,0.019276886582279,0.019390964196277713,0.019078857456912266,0.019365556317374515,0.020729772423129886
43,0.011869955018820202,0.00912813039163358,0.006637953181985701,0.011220436919910955,0.0066387005577340855,0.006797696401636606,0.004658051800883744,0.011851848629071014,0.011344630882739494,0.01142025802412164
44,-0.0007867067585714119,0.004160214861540576,0.004579045054720825,0.0001127582719215755,0.004395070240556792,0.004456058617896931,0.003675458569150146,-0.0006854828140537166,0.0012396010377760313,-0.00018529447385605283
45,0.013927269339016111,0.013448814282524221,0.013429616132005185,0.013512332343376225,0.01356742070401729,0.013642630147832855,0.014063488341956632,0.014948752290025579,0.013948141415545099,0.013244660666006831
46,0.005475628098488087,0.006405188773485855,0.006335715890510625,0.006508370350216145,0.0062111229136523425,0.0061884948312012815,0.005080329586862877,0.004959207710707903,0.004528140326018584,0.004032233114647421
47,0.0076872538807585275,0.006896955463500323,0.0062267715698157205,0.008000579171242077,0.006435839947737682,0.006625109887053556,0.006340216839916409,0.008194505927747436,0.007816647326130579,0.008018646348248164
48,0.005942547249630659,0.00784507185032132,0.008186809339177923,0.005962157112459806,0.008322000373471609,0.007929378549802657,0.008272961444018623,0.00755459942628589,0.009147186171308944,0.006016940652241967
49,-0.0045135701240669995,-0.0024895703632776007,-0.0024062893679897036,-0.004759928767512086,-0.002452246149356058,-0.0023906249562939993,-0.002667627328613018,-0.004484956482419112,-0.0014979538090226217,-0.003228486579704541
50,0.0038096225906923313,0.004654890930398333,0.00404064191127138,0.003523360643344282,0.004107738575745841,0.004179069520512772,0.0032165639229574466,0.004574755319804297,0.003762298791627465,0.0034800263683400024
51,-0.007322609784113031,-0.008023163031422267,-0.00893487634412296,-0.008087756439192075,-0.008595263205305018,-0.008484194863595744,-0.010096034898202032,-0.008084864281147661,-0.008735222463845747,-0.007445843360115867
52,-0.011003176026100379,-0.006081049873097857,-0.006236458188874366,-0.010419732654430885,-0.006656502159242058,-0.005852072172848871,-0.006412817600864674,-0.00928416960135307,-0.005317270555119194,-0.008327383223794648
53,0.0030397899535203345,0.0056448257231799075,0.006159997228073246,0.0037400741975163044,0.006034274430730016,0.0060344697127455325,0.0062051789203255445,0.004027725478784281,0.006054426418260884,0.00524910128727242
54,-0.009822415971193401,-0.008774616339858756,-0.00808964788987037,-0.01098133579110585,-0.008216244478939844,-0.008226445549583595,-0.009224891072371072,-0.010763389770930437,-0.009654037913017307,-0.008561637998739527
55,0.001162673403351054,-0.0010232564994543038,-0.0020017565661120456,-0.0004087774203648038,-0.0019695718201136808,-0.0020073423487655135,-0.0033011682491248663,-0.00022100223830220412,-0.000949331880016533,0.0003912371460343686
56,0.006157967196229094,0.005523299142685013,0.005319076609324435,0.004804561419796864,0.005452032296561564,0.0056481667626327595,0.0053835093773954385,0.005772170995104737,0.005938930662372171,0.007629398899351384
57,0.018875771766684986,0.016361988016154207,0.016374086277265398,0.017947368486822404,0.01628565323783872,0.016212501911424173,0.016216461443147874,0.01639466883420929,0.01769291414580637,0.017263634515631864
58,0.0013661447676631335,0.0037374657032291556,0.00355021623711859,0.001581892558146265,0.003597919262146145,0.0036071981226585494,0.0030261965593136476,0.0023494332535194816,0.003341165075462459,0.0024594859797639145
59,-0.0027064152698402823,-0.004167780560732043,-0.004882192082592332,-0.0026542683193305603,-0.004742121668494746,-0.004701288905518513,-0.0034254550997232787,-0.002746868095228546,-0.003488485795012198,-0.00326351824349904
60,-0.0032925683507996715,-0.0001067889211280762,-0.0001885002063748665,-0.0015657621375825474,-0.0002895612310687871,-0.0002401530240118146,-0.00044269995908029344,-0.0017737048284282718,-0.0005616514648111685,-0.0019227511885958153
61,0.005746443304190075,0.005783050826307629,0.0063626962853086605,0.005550096573939028,0.00631579205231645,0.006278976743329128,0.006163333505873014,0.005645370898245375,0.004860424256108943,0.00642749762082444
62,0.01104941930193609,0.012469966814419396,0.012163230120117425,0.01218770741117327,0.0123937728765749,0.012259564748153045,0.01214371026950416,0.011407229513759498,0.01300929059006292,0.012514927938623374
63,-0.0027375644096613648,-0.003525109636587859,-0.003281418765038055,-0.0034982282541610532,-0.0032254115620937184,-0.003372792217529364,-0.0033188148893589777,-0.0029623807426612434,-0.0030869359186710198,-0.003015710681129019
64,0.0011447118728634869,0.0016094867392138325,0.002049927050676705,0.0016037352201487421,0.0019278349899350476,0.0019458218862406715,0.0018021531421809059,0.0008259600996513623,0.0005044862986807193,0.00103167897578064
65,-0.0009181187186784115,0.0004103649350571692,0.0006687447515982033,-0.0008641511598943815,0.0007912150950465773,0.0010146028045367513,0.0006844348954980087,-0.0004163713117848173,-0.0002330506052825408,0.00017353542004185178
66,0.007304527630879964,0.007294051706470493,0.007195918986322068,0.007942885530636422,0.007215462091897965,0.007310268163736433,0.0074616068436121775,0.007199812839364832,0.00572557268467986,0.007455547623763185
67,-0.001243847427463492,-0.0009309560795613559,-0.0007864191969400193,-0.00232203795047722,-0.0006642800443858289,-0.0010232991535226645,-0.0010371561799668069,-0.0014479930121780449,-0.0019003308948962727,-0.002050278021693992
68,-0.004424837317763713,-0.0011523097367621014,-0.000916897423429654,-0.004606552727912876,-0.0011722101929606031,-0.0009051526498969773,-0.0010406583355664159,-0.0031804929336764734,-0.003155761604752648,-0.0025661009779592574
69,0.0011787233333792444,-0.000498931448708283,-0.0005026856084609815,0.0005598582181138826,-0.0004995883574266007,-0.0005957867870909054,3.709998612603343e-05,0.001854787205572429,0.0005255137909037223,0.0011866175597095852
70,0.006691673222974746,0.007158297505949586,0.008702318248425146,0.007081833811009118,0.008888020617211124,0.008663898995879072,0.008716169777040386,0.005756313301551918,0.005830914378714338,0.006929092442981039
71,0.006051937315013583,0.004284524171096681,0.004149914801550154,0.00438665039017021,0.0042257255138234,0.004265958981709495,0.0042946096799654785,0.004612436543506714,0.005184094542159148,0.005497732054776394
72,-0.00393646887087913,-0.0037844366811072717,-0.004157131107772239,-0.004026003114337681,-0.004235614199504275,-0.0041165538242588515,-0.004213335184407874,-0.0029759730453799696,-0.0025466351176004313,-0.003430634381559038
73,-0.010230853046987535,-0.006882850271012088,-0.006846573637949789,-0.010248480839467092,-0.006963092771469368,-0.006875616443111936,-0.007219241861105504,-0.009856974136310806,-0.007498183918312404,-0.008241690710826722
74,0.010275738152874614,0.009070448673355012,0.009265165179122967,0.010689628400967766,0.009268492510041533,0.009096872034902762,0.009189373435920524,0.010239993027314155,0.008650164850711548,0.009175059298395639
75,-0.009801047935845734,-0.010342002382883618,-0.010604729797227536,-0.010258148313466206,-0.010508477222066884,-0.010567675302684192,-0.010470918229879079,-0.010666402781915362,-0.011038572419369714,-0.00995882670825761
76,0.002350741194870204,0.0030843825547558126,0.005265230237016389,0.0004649807232776495,0.004889011264701038,0.005108907696702125,0.004245394816766458,0.0027501973867489135,0.0011834778408056049,0.0017913092935913717
77,-0.0006558376909202373,-0.00034040323920531064,-0.0015251261789638831,-0.0004542653348384164,-0.0014089678119503727,-0.0016843990185510702,-0.001921562925887319,-0.0019416915109475683,-0.003675868171945554,-0.002386522235751671
78,-3.097654002666786e-05,-0.0012952770274831328,-0.0009176125676792616,-0.00047960284731751653,-0.0009901438166031549,-0.0009167675848062666,-0.001263760232929399,-0.00022914166588993025,-0.0008727650800992942,-0.0007364232037985096
79,-0.0011565213047624466,-0.005358567115337714,-0.003532216360861358,8.556868033997986e-05,-0.003716999783766153,-0.003736705069865719,-0.0032411506754102385,-0.002474599402793567,-0.004385443335701521,-0.0005714656909047428
80,0.009116781852935487,0.007646992105876957,0.006478222073047214,0.00956119847920805,0.0067244380061076805,0.006430097070142974,0.0070446631415523805,0.007778736005853309,0.007659740747393645,0.008240480063001338
81,-0.005868455361401993,-0.005406584714013681,-0.0058214206601563834,-0.005902528109783054,-0.005542639023361615,-0.005524481497294754,-0.005423207544325165,-0.004830387291212906,-0.0034293550152816325,-0.004615967266080528
82,0.007063056184345499,0.006877978732063509,0.006589135633610155,0.006737877017428258,0.006478460391207913,0.006498032990734942,0.006640373001016977,0.007226226230136434,0.007834626915311721,0.006623061560507561
83,0.0018617004292125,-0.003212435015650907,-0.002360785127801402,0.0014149382524145282,-0.0019963428183599314,-0.001989966585588647,-0.0012752056997658015,0.0007931533447736053,0.0006058768684893695,0.0007715461328340381
84,0.004063315354928679,0.0029378595774408023,0.0031290095957992657,0.003390338876391297,0.0028610275523516496,0.003077381380966969,0.002895612741159759,0.003955217677994555,0.002708174938796483,0.002415492641093097
85,0.008333584804809637,0.00893531774588338,0.008825159907582926,0.007065009433719858,0.008915027546161131,0.008746442635900187,0.008638275668450386,0.007941914555766205,0.007924980392484494,0.008075263852136576
86,0.008250640056156838,0.005785382078255513,0.006546291163968638,0.007896021756131862,0.006528933384289024,0.006488681281551284,0.0064541883719310186,0.007141313291015859,0.0064879091700598334,0.0059384130978560705
87,-0.0015985569111329713,-0.0037382768892687927,-0.0026060340133921313,-0.0021422845005666068,-0.0025851244826995013,-0.002236400895882019,-0.002106420331992962,-0.0013463390746204342,-0.0007917818170163418,-0.0012347247346543148
88,-0.01275113442663449,-0.01341911254312756,-0.012118838536891054,-0.013081924818988207,-0.012256735880276873,-0.012401624141551737,-0.012549654106631536,-0.013189476705570852,-0.01280789348243086,-0.013477734313183828
89,-0.01864247419989018,-0.018542869306635058,-0.0187610638775412,-0.018728413537953376,-0.019038453774864555,-0.018787866951877823,-0.018999529174296318,-0.018679298020963055,-0.018584533237878946,-0.019393411660467347
90,0.012780794184170016,0.0127016634812318,0.012008278089362908,0.012022394836582689,0.012204091963143506,0.012210178577439728,0.012589519109134984,0.012342416502349766,0.012639138200043365,0.013222292868449712
91,0.01052021631922028,0.011763165484350207,0.01155669906611797,0.010495725925260891,0.01136886353092971,0.011233395624978168,0.010699631134137308,0.009912433672372085,0.008269660771411124,0.008751724922317117
92,-0.0004980690505791442,-0.0017285897438298252,-0.001097765495015535,-0.0007181441786050578,-0.001259224319680187,-0.0011707932750491634,-0.0014625149889615275,-0.0008241242730438552,-0.001241731157427086,-0.0021877405657017082
93,-0.007755549159538486,-0.007921632072229349,-0.007889159123789503,-0.007257816648894353,-0.007755773926823828,-0.007900334470372767,-0.007802954758229045,-0.008789977401241317,-0.006753340496441183,-0.0071566488702128495
94,-0.005881072296312712,-0.004032395409790826,-0.004069965716148653,-0.00513554067737137,-0.004125153668343227,-0.004116419702049793,-0.0037107711804581986,-0.005789882006284146,-0.004703115522072141,-0.004391569569900891
95,0.004793511389041573,0.0068438395118988835,0.007195810533580366,0.004407677325173013,0.007192004004979826,0.006898772174408996,0.005388515193834809,0.005198488726893267,0.00553444072442197,0.0052354106697110195
96,0.0027264780305454664,0.0028593638139031256,0.0029171884360647306,0.003386541275646471,0.0030628620938138516,0.0030271409685068322,0.0023491506776496863,0.003314352125508685,0.002261052365023412,0.0025186657631580886
97,0.006573588683974462,0.006827296092776717,0.007418486325858337,0.006772944622547972,0.0071315279092456,0.007140076157341474,0.005793030105029923,0.006171759258169494,0.005290012521853218,0.00639673901753107
98,-0.003220852303511732,-0.002930521818150122,-0.003013723610114664,-0.002541752133735328,-0.002922097534962787,-0.00303654144572103,-0.0027499380848838516,-0.00377304759533287,-0.00315132352083126,-0.002243067888623272
99,-0.0006217442069303324,-0.000955525820573217,-0.000821573626940251,-0.001266610049144598,-0.0009071071809878964,-0.0008754367567044022,-0.002500532571448083,-0.0015219339314122404,-0.0026455256848876762,-0.001460150826665804
100,0.0055984632877768455,0.0029811829945631846,0.0024526269084577915,0.006418033643386579,0.002983310677606376,0.0030610428676541915,0.006794120912035821,0.006284369949324467,0.0056166946006701145,0.005320768968782675
101,0.0010334668764916705,0.0026103126472078776,0.0031704391878216317,0.00010962143753498132,0.0029849057310297827,0.002757887340604967,-0.0001975214823369218,0.0006338560356129849,0.00034100003024594176,0.0005651567068453032
102,0.0006744031015419435,0.00017970231218681753,0.0004140469738125604,0.0006440793115639363,0.00041837289650936737,0.0005251575306149736,-0.0002910854223973536,0.0018024606749262836,-0.000865523529994459,0.0005158389146409718
103,0.002110576703382237,0.003439348470578247,0.0037928789013058953,0.0025362598318826126,0.0036771865347613383,0.0035503278501323675,0.0025674573779217993,0.0025901209736417523,0.0028308757613605758,0.002240973795160469
104,-0.00032441470065817176,7.993745227704961e-05,7.314384923385213e-05,-0.0008690494234473613,5.496525496050935e-05,9.140854237062567e-05,-0.0009634007929799999,-4.6445731144362955e-05,-0.0001315027812366795,-0.0005552158523291459
105,0.004362892490033309,0.0069868340768135485,0.007408138038830635,0.004464353919162297,0.007284864588951678,0.0070838369853858316,0.006142778094466695,0.005469701291876116,0.005698316804438089,0.005406032874956919
106,-0.004091730603263541,-0.0031947459875554455,-0.002924147160341739,-0.004317301737097763,-0.00303870166079904,-0.0031586930849983644,-0.004626498688235686,-0.004232417755597894,-0.004138072503531123,-0.0039697670813788
107,-0.0008462241128944492,-0.0014940749349969648,-0.0014495567286946743,-0.0011313714684969471,-0.0014503272244173453,-0.0015175399454792448,-0.0010272379851228774,-0.0012916353094742476,-0.00218284260024539,-0.0006557133522959728
108,-0.005753725487818033,-0.003590035708492862,-0.0034251142068767366,-0.005576210498771817,-0.0035906624132890177,-0.003705348274065032,-0.004346269153496132,-0.00521187449160385,-0.004147934949278646,-0.005378682765563261
109,-6.306132574585775e-05,0.0034109444540808167,0.003653888082556887,0.00015349663389493295,0.0034526719642621116,0.0033846349178820023,0.0029314291871944207,0.0009515566704363296,0.00324810241242067,0.0007486855770725948
110,1.9328341891500776e-05,0.001311322151410868,0.0015616387747616179,0.0002608840930604001,0.0015834951928353864,0.0014397516546473055,0.001091039354469466,0.0005604550349044472,0.00035915558332784566,0.0005921062546802519
111,-0.004254083485623441,-0.0022328856012616663,-0.0020181798424577734,-0.0031488663917073265,-0.002266363763808121,-0.0023950778367169143,-0.002641553508743694,-0.003997830397164811,-0.003832021598548992,-0.0030582848173815787
112,-0.0025199740261494076,-0.002752428513740476,-0.0027251213882261605,-0.0025111773669099675,-0.002807653149833379,-0.0027099254594731294,-0.003107112590894921,-0.002718157244745413,-0.0036636230760478568,-0.0027006904804745095
113,-0.007945161575206423,-0.007409894686843778,-0.007118271478918512,-0.00827809652119963,-0.00733804142424522,-0.007378017950643337,-0.009400484789056604,-0.008480917850314743,-0.008845435458398245,-0.009362757355780071
114,-0.007615583988932681,-0.003553481245194926,-0.0032972691178424296,-0.0070042173924595675,-0.0035027609907795905,-0.0037628414313838105,-0.004410304736845068,-0.0071019734720814435,-0.004703884718346799,-0.005293002529562616
115,-0.016949373297268706,-0.016112030705269346,-0.016148110752884748,-0.017780547845525144,-0.016049876648535827,-0.016292979532600404,-0.017223041793546768,-0.01756676135431169,-0.017114624601315118,-0.016037943359283695
116,0.017555890270324892,0.015725509353248006,0.01582400058619463,0.017077543950192817,0.015857357222695562,0.015877859117363648,0.015301990820063114,0.01651280023530674,0.014920703671981103,0.016489133735006895
117,0.002412988193884703,0.0023558653946995156,0.0024804515819898576,0.0021109201287449315,0.0024792929427591612,0.0023345646995242705,0.0020839004331363532,0.0019408915801426003,0.002137600656615577,0.002327754516982639
118,-0.0012959941900726748,-0.002187183160110167,-0.0021769582555787605,-0.0009336597305819343,-0.0021278364915673885,-0.0021642038702431136,-0.002724975271622526,-0.0011055774997750748,-0.0019113519422585042,-0.00193637271183342
119,0.009243040700920406,0.008466002518516438,0.008372687281051443,0.009509829571945407,0.008445551237140735,0.008542626249005666,0.008428444540538194,0.009660766757462951,0.008750338047581517,0.008994410517928533
120,0.013708270576679109,0.007607466003807058,0.007700987660329648,0.013460521211920996,0.0076968103876433646,0.007552328035259727,0.004912065291716875,0.009424013310971613,0.006426206848403598,0.005740674697085025
121,-0.0054452811877752786,-0.00199981568848269,-0.00197725303520899,-0.004473669054748865,-0.001956041694739056,-0.0020024655925516455,-0.0006883327493238943,-0.0036726049629434254,-0.0013952200824248347,-0.0035819361021295223
122,-0.0003042133091375563,-0.0006447324613918793,-0.0004296507538891601,-0.0013963332349253052,-0.00046540642151213945,-0.0006489716897634791,-0.001765522678046517,-0.0011005433153093455,-0.0017123399356123127,-0.0017312256938741913
123,0.00593315178986685,0.005451277503022323,0.00540270489339024,0.0058916311155284605,0.005407001509863134,0.005546120393543586,0.005811002096768666,0.0067501961082497225,0.006364094469913034,0.006320992999216988
124,0.0038958380064449847,0.002352757680417676,0.0026425869187179586,0.0013560502834088029,0.0025827819186643552,0.0023253000088826223,-0.0008831705030963157,0.00039513632911246225,-0.0011642222502658342,0.0017551116465065464
125,0.005090696782734304,0.004198137249961808,0.004048848594134737,0.005361050227162179,0.004024868645167915,0.0039199329381242945,0.004840344010316332,0.003585557751959598,0.0047175417979898005,0.004754465156582633
126,-0.007039365983106872,-0.005564998628764874,-0.005311198059631497,-0.006674041863637626,-0.005138042546535887,-0.005555332098066858,-0.0065542948131597925,-0.008051687040878414,-0.008177397180213037,-0.006448453341076897
127,0.002998918285083904,0.002678149305820485,0.002404050193671639,0.002295063302039628,0.002532735224014851,0.002506133128807972,0.0038192594429677725,0.0023631782511422793,0.0028276160388811165,0.0034496059589807716
128,-0.008084630314692207,-0.007603363150992577,-0.0074368708934522704,-0.008230263419522014,-0.007530488075611761,-0.0075489053519649804,-0.009227587616516823,-0.008202833899531144,-0.007793644220249438,-0.008570678232367377
129,0.014452854771877783,0.012057688424588549,0.01184715160354623,0.014352143201836648,0.011998646466170286,0.012154166080051182,0.013473750515164466,0.014755661339174787,0.013079324771272285,0.013861612970869502
130,0.004643764842223473,0.0035584649167472687,0.003345940508064715,0.006450539029269627,0.0034422260433235115,0.003499262737522842,0.004593441112258462,0.0058838993415719285,0.004887886181130985,0.004759666232159612
131,-0.00253968138632474,-0.0024699100102999086,-0.0024996419002888777,-0.00215061703804164,-0.0025219930655417367,-0.002650340449027865,-0.0019361309585346183,-0.0026356866808677124,-0.00212303798739041,-0.0018237206092898135
132,0.0019864226477953354,0.0016643007322616323,0.0013673147000363727,0.0004016644446190287,0.001584082523327536,0.0015499944823430562,0.0032118514896211474,0.001474201276696519,0.0024479367915728896,0.0027527473126066145
133,0.001123010317315664,-0.0009425972477107165,-0.0014075701554590698,0.000620870328343098,-0.0011815977559239076,-0.001081312865453404,0.0007450234463301523,0.0010336948952155217,2.485454905140636e-05,0.0017170322320183029
134,-0.009364122318524687,-0.009083946419324765,-0.009170101145187919,-0.010537543355370953,-0.009074496599263052,-0.009075168090074585,-0.008653005479279097,-0.010218008547408168,-0.008363471140701491,-0.008721975710654048
135,-0.020827389202573213,-0.017558088929686688,-0.017122443505558214,-0.021125083601308492,-0.01735517066301652,-0.017427773265699067,-0.018559544109532353,-0.020264947409074693,-0.01709279106036923,-0.019978949991420147
136,0.015484765509197656,0.013343198807604055,0.013021784938827696,0.01589008303489356,0.013326075423583958,0.013233960541445575,0.014551392983036553,0.015173545699231598,0.0137164081987685,0.014806982886601944
137,0.009589299334733506,0.00940925620936537,0.009785429550774272,0.010046252829494897,0.009627871310845998,0.009722751909675241,0.008416971087063133,0.009590441792554522,0.008510022747076903,0.008224972384364683
138,-0.0011254204678769527,-0.0008003487188988778,0.00019646076775879689,-0.0013654491603403473,8.195171505875112e-05,-7.468828052008691e-05,-0.0008497005082281514,-0.0017675699363061054,-0.0009742919999267691,-0.001375820229128185
139,0.005092422247341756,0.0038002296786841493,0.005443854530163462,0.00255580525748242,0.005261753788328811,0.0050542974202965885,0.0011657412737213597,0.003443901794651767,0.0034545107432872894,0.004576953474065894
140,0.0032804521353695867,0.003977699538412206,0.0031836150373025225,0.004409052917844171,0.0031092391275569595,0.003285317460465521,0.0044690198984530406,0.004571038976991933,0.004307764076925872,0.0038500862513628333
141,-0.0013770556092572912,-0.0022167778265231594,-0.002421983675523068,-0.001928479595300663,-0.002397450504559032,-0.0024077583121467215,-0.0025849212743098158,-0.0020343390082140844,-0.0024188295622365997,-0.0016016314784344091
142,-0.0035604734055934653,-0.0036759279052185913,-0.0028064443140835478,-0.0031477669241966925,-0.002956314452356269,-0.0028672558176982203,-0.004158871992996584,-0.0027329324920817855,-0.003067747061258619,-0.00469469380812553
143,0.005464323963145501,0.004659647267618636,0.004165298738547656,0.005391245381611779,0.00423957322785323,0.00423064175030835,0.004842975795518807,0.004685231744112582,0.00408549697627703,0.004924546749670645
144,-0.0036675009385425308,-0.0028549560513020243,-0.0034174052720153543,-0.0038731162265709163,-0.0033423162641465416,-0.0033834997752906354,-0.0025707676141228015,-0.004021252716789627,-0.0031962529552292704,-0.003764044168667614
145,-0.003536305814807483,-0.0026784223267946566,-0.002458243268902872,-0.0033152584573030645,-0.002545181863615938,-0.0025122947134508305,-0.003146407849267807,-0.0032891845450210007,-0.003440992521706971,-0.004209256027963546
146,0.007492562875798388,0.0070478073314617215,0.007706563368017487,0.006978584588973723,0.007719481962168097,0.007671832223116548,0.006709145426148991,0.0070064180899568175,0.0072729498490551785,0.006276515158467343
147,-0.0090705428379657,-0.00864098830737106,-0.008457148362418412,-0.0077753022990250265,-0.008647804450367894,-0.008654012698047598,-0.008311022044018408,-0.010544986104035058,-0.011103873702041548,-0.008573834851687563
148,0.008788529308428288,0.007323066819468369,0.0082232409856511,0.007643832889387431,0.00818650055167082,0.008175769903374442,0.0063251901904976485,0.009289599484943482,0.009384649499169657,0.008203952450417343
149,0.0032947956503330184,0.0020163611551330335,0.0022394599533182543,0.0037905888380125362,0.0022720222418161832,0.0023991921874599873,0.0019939115007258225,0.0034963610387913407,0.0015856923089645574,0.002454224889343769
150,-0.0023733817969099256,-0.0022053810132419698,-0.002726105812722297,-0.0021871039136413944,-0.002639585126631546,-0.002513738465329483,-0.0015201235441622948,-0.0022456085766742106,-0.0012282911847741951,-0.0020472759952536836
151,0.006318065958776222,0.005431632465021302,0.003546767887443906,0.006387342985983115,0.0037327054129402126,0.0038403160837894882,0.00605978806103998,0.007152545792197156,0.0066856868555508955,0.006032475857348349
152,0.006676125175603205,0.006879333153241295,0.005398522284673402,0.006480333629252299,0.00539876082133465,0.00570496985671843,0.007308567328114115,0.007730032126322421,0.007883350198722343,0.0071057885607848925
153,-0.0020730437506160924,-0.0004170781309464285,0.001388696251637853,-0.0026796939718912683,0.0010727416063730118,0.0011627576935134005,-0.0013373553979141633,-0.0014278573070461028,-0.0013155789168371012,-0.0018747510863307798
154,-0.0003004515365202934,0.0010198675481734806,0.001369597357647142,0.00013764277910433147,0.0012559885360933205,0.0012112322096747392,0.0007952303889268192,0.00023233821020593112,0.0008453999818948289,0.00032307708113883996
155,0.002472674781680982,0.002823916201157337,0.0020999691012259175,0.002443697611681371,0.0022517816092394,0.00216278881089503,0.0036740699428699027,0.001909480671266962,0.002414157845101617,0.0030212895885877284
156,-0.007194916327063896,-0.007876346951347897,-0.007004248536412325,-0.006787799103237015,-0.007064173256393911,-0.007099858452001115,-0.0076887039781700015,-0.007748818581385171,-0.008046976274272056,-0.008027325216176608
157,-0.012274946952625015,-0.011467683836609436,-0.012280521747839649,-0.012026787613789062,-0.012169937555730124,-0.012095697445977155,-0.010938691962463127,-0.012389466088186658,-0.011349332748340364,-0.011710760304716544
158,-0.002723671392602477,-0.0014006475939961534,-0.0004744831644434532,-0.004112528863287911,-0.00072866214404922,-0.0006227857124799346,-0.0013934282619374571,-0.004968577655815826,-0.0027584978333780948,-0.0014904272990986513
159,0.006172578952968997,0.006570460151308003,0.0074978974536311785,0.005669547991993864,0.0072807089826387944,0.007274240469270371,0.005804597027791421,0.005650974756243269,0.00581577167493411,0.006079058216740104
160,0.006922300933521168,0.006589016910189104,0.008128530314988834,0.0074841636929244585,0.007918955571359862,0.007896548142316877,0.0060384567254873995,0.008030619191206024,0.0064779090103184896,0.006467801716726429
161,0.0017996813299754578,0.0001404954465018472,0.0002384750976722824,0.0016173738853897078,0.0002407433723849583,0.00031931504545247834,0.00029944434681586216,0.001855471457162335,0.0002665292989206335,0.0009467386550809255
162,0.0034979381340616085,0.0017822557894570069,0.001994738648524983,0.003197625210151302,0.0019416745297372372,0.0020787306271982157,0.001108914031148513,0.0024981430832414645,0.0014990942856629803,0.0023296345625761937
163,-0.007337707742699924,-0.00712331311536414,-0.006280956094567506,-0.007960344000338765,-0.0064213419861413705,-0.006396570113055061,-0.007261304614334432,-0.007541528637703376,-0.007652276963297636,-0.007422010467874215
164,0.0067435827558802895,0.0068122017582922705,0.0069180212253981,0.007676525299770489,0.00696881010631324,0.0069184710230640115,0.006777843329743077,0.007750095638046782,0.0066867051651027885,0.006809521833168172
165,-0.002125448347727747,0.0004421116565645324,-0.0003600640726559716,-0.0018283193903570363,-0.0003599109396142501,-0.0004150558767278639,0.0011082189932617647,-0.0007267557560521372,0.0008883293585705424,-0.0005558527967247738
166,-0.0008631661606122616,0.001087323776899235,-0.000277648938695866,0.0003285073801838432,-4.433168591318646e-05,-2.6924138999219553e-05,0.0019181237160126265,0.0009436223130777668,0.002131701389902911,0.0005081331078918851
167,-0.0026466963033478065,-0.0019696602232963,-0.0013914109920202243,-0.002421517268772879,-0.0014846042317022117,-0.001475553393595255,-0.0023154714294943415,-0.002552106558326613,-0.0021696199629341957,-0.0020132773048554395
168,0.0032915320083259396,0.00527327032659999,0.0042520215384839535,0.003674114246561674,0.0042748661894738875,0.004374090402002541,0.005495044394279114,0.00471174617522785,0.005361401229978337,0.0035357770472157803
169,-0.0028744730153083212,-0.0018285923067995185,-0.0013023891849938184,-0.0032818875548946205,-0.0014556935623563389,-0.001487306319347499,-0.002106601370403419,-0.0028901555583660523,-0.0020229736995368837,-0.0020581502774582408
170,-0.0065823897728559235,-0.007683846066985683,-0.007714565869096559,-0.004999168427871488,-0.007811747977001268,-0.007792642430552441,-0.007234968758261411,-0.006870840753818386,-0.007233183241528182,-0.00573306652985239
171,-0.001073895134876833,0.00035352525957820435,-0.0013788722937295565,-0.0016464324306985655,-0.0012100448025077139,-0.0012185916119573559,0.0005152145636768404,-0.0003969590564449464,0.0004676350425629757,0.0003549852006226391
172,-0.003876830559334155,-0.004878496334942938,-0.00501538754841059,-0.0035548418510591485,-0.005016918385231823,-0.005016163895459261,-0.005448430135422064,-0.004638826504205233,-0.0059105110205542825,-0.004464524939478869
173,-0.006303999536917271,-0.005969982769688043,-0.006737843563205867,-0.007009737836165427,-0.006739092235710959,-0.00672739403834677,-0.006859879281772827,-0.006503982314300888,-0.005874577549817749,-0.00671963296172263
174,0.005113145621503161,0.006324674155022809,0.005803196667309327,0.005539530219157225,0.005880965816271213,0.006068812071367578,0.006578356704167783,0.006055982581320678,0.005578103102968527,0.006493047256140834
175,-0.010063459140313072,-0.009285446805067413,-0.008469147723079629,-0.010486898857651649,-0.008564617158497132,-0.00857906205434392,-0.00968538463506387,-0.01057816979096438,-0.00949497156459817,-0.009595600934503774
176,0.007121338182810351,0.007819498607480036,0.00750199124204259,0.008917813089183553,0.00750072570877458,0.007537324313738893,0.008441309891076642,0.008732899326249533,0.008160282818854973,0.0075182260516985875
177,-0.0022565425121309464,-0.0027299085654997686,-0.002456457269953605,-0.002405660267047564,-0.002540593986364519,-0.002517075020575816,-0.0027557304056344857,-0.003602239201762139,-0.002909493334079356,-0.0021412468547538834
178,-0.004855244179708223,-0.005508532435262596,-0.00540579441320533,-0.004758985260035304,-0.005399385178381278,-0.005414124256091507,-0.00582079765751672,-0.0057525886049595125,-0.005814619837299784,-0.005378252549463721
179,-0.018625199511288146,-0.016852369454764236,-0.017056202989542257,-0.01915304889051574,-0.01705045236549371,-0.017179863111714797,-0.01694942599531841,-0.019065654299779404,-0.018243483295645548,-0.01810922226929502
180,-0.001195182548944154,-0.0024675969811394052,-0.0015113214247305573,-0.002108893759415712,-0.0015188219793404656,-0.0016110578139966738,-0.002657665154005527,-0.0033255932241504057,-0.0026521411694435527,-0.0023903106972223186
181,0.00978773275784968,0.009128191848256622,0.010611617577600424,0.009724919944401503,0.010438048255258457,0.010404740500308821,0.008124666614171694,0.010023779743009328,0.0077243679514770874,0.008890459566600646
182,0.015944412700214697,0.012689387141678953,0.015214243529709391,0.01531147511836372,0.01481882096308587,0.014917030840912532,0.011902438008712846,0.014338655523184574,0.012409621261089436,0.014191067483309259
183,-0.0011278519765659594,-0.00012906043561755514,0.00011852118102921758,-0.0013020155040867707,-0.00011767708522983616,3.317929950383475e-05,0.000663965802359004,-0.0009630406313352795,-0.0002790398151965701,0.001680823332960371
184,0.002121596076974319,0.0021837748248822917,0.0005666482967413201,0.002837824851653616,0.0006553324095902844,0.000774454123996332,0.002068038709956038,0.003432916868015665,0.0025717336448454345,0.00206683662758434
185,-0.01287563828800301,-0.014378542226299286,-0.015280576562511444,-0.013113725323643506,-0.015236004175262068,-0.015147233549798746,-0.01419161533383878,-0.01363984488208646,-0.013352125347109958,-0.013685280378690367
186,0.0009011638947069864,0.002443545090960362,0.0032244121019364322,0.00043075059046395186,0.0032475265637821444,0.0031953827314861105,0.00203418567794112,0.001311100477117531,0.0016513808675532786,0.0009701794996197822
187,-0.016132178921539182,-0.015063166759368715,-0.013949333879855818,-0.01634339739599383,-0.014131097176517348,-0.014164676504828345,-0.015688704680632347,-0.016055937389699803,-0.015808080410786754,-0.016189350607156552
188,0.014002988121335002,0.013102056483643633,0.015004684758650392,0.014066268721571535,0.014628611328970283,0.014766523507074795,0.011734989277250018,0.014238332695398502,0.01135405172229898,0.013725726086178093
189,-0.008536336635326443,-0.007568682786713356,-0.008865090972116841,-0.008390660536439077,-0.008781786947415233,-0.008592454787926225,-0.008179199904807725,-0.008079996550529335,-0.008176903350727521,-0.009129072885422794
190,0.0076833757946102865,0.007782107431258864,0.00822409844263124,0.007978975533604264,0.008200377100537282,0.008046711309011651,0.007597479853825951,0.007929943269257366,0.0069705729268316205,0.006845493864314382
191,0.0008820723796128915,0.002339924167631039,0.0023416935934335104,0.0013066194967810904,0.0023699197060058257,0.002385973859805237,0.0025646100519442798,0.0018638298124723678,0.002011766385607383,0.0022418779508829785
192,0.011808744773092829,0.009423779213585934,0.009303546594303415,0.01206038410744331,0.009273494842380998,0.009266892240502715,0.00965288564522693,0.010244458203623403,0.010215434890584081,0.010972503423474078
193,-1.5136542154647957e-05,-0.0019869236660141343,-0.0011139948521481527,-0.0003213805022015859,-0.0012315278610535109,-0.0012676565224484428,-0.0029275858795868815,-0.0007387069900258987,-0.001880488293219054,-0.0014161268783497744
194,-0.008983152637092663,-0.0070912152503108125,-0.006878291950985185,-0.00934152182335802,-0.0069775988106594005,-0.006882992605563293,-0.007510792126741325,-0.00871804068015746,-0.007060377924822601,-0.008204525646607196
195,-0.004040178364119212,-0.005065619222915678,-0.004395167564383131,-0.004197294815018772,-0.004535675904979155,-0.004513996493362266,-0.006260075092940892,-0.004517144566761261,-0.005948331857492017,-0.00532797831083873
196,-0.0020795323251024825,-0.00022748264600075708,0.00011361712387395422,-0.002425939853413064,7.538505899163295e-06,-9.786081891309726e-05,-0.00047248138546978854,-0.0007953656599630227,-0.0005235224658227568,-0.0026019704644195583
197,0.016255745937918044,0.017699799290249642,0.016243238122988973,0.01927922530205373,0.016388141870828488,0.01623512517577783,0.01952070143243145,0.017850684002424018,0.018398186099976142,0.01748991791487443
198,0.010075817765717816,0.0069045726220728154,0.007330883246763215,0.009917727526051348,0.007329844417844234,0.007348168708909792,0.007349133222703425,0.008746027577564468,0.007345676518783839,0.009804921488782953
199,-0.0020346810965042607,-0.0028373768523166348,-0.002286323564245291,-0.0025065823333417833,-0.002377048918050693,-0.002397460428642246,-0.002510066344678866,-0.0032926044229184153,-0.003415424219094699,-0.002691100391518956
200,0.008852835769313248,0.007058269881380046,0.006937556544151085,0.007815131976170528,0.0068303446350426525,0.006974723559942282,0.007779723510767944,0.007303819207519612,0.00830583253807888,0.008408515096272058
201,0.006789719139939783,0.005969787804114102,0.005199207540499576,0.006816466106836974,0.00530768486977252,0.005422272591648636,0.006384024184872944,0.0060120376500555645,0.005565203466151437,0.006542097188707048
202,0.0004257799802372182,0.000538351336098616,-0.0013108084183726765,0.0018819548482522184,-0.0011829415688076454,-0.0010390521351152716,0.002359580862784959,0.0002085027389774573,0.0012646369382457413,-0.00022315211153587847
203,0.000133367040403916,-0.005993262163897601,-0.0011703989287913984,-0.0035360936002496604,-0.0015776175612619943,-0.0017075902850866179,-0.01023642974285416,-0.003768739684570265,-0.006624240425954161,-0.0029737029780251656
204,0.0020476302023538324,0.0024287446738669102,0.0019840478077893173,0.0024210988911232854,0.001841291898489292,0.0018692749180109938,0.0024997204879716184,0.002720720289773183,0.002770962846788535,0.0026859841248914247
205,-0.0010017728091014522,3.457060335625248e-05,0.0021352018820653285,-0.00217445761420899,0.0018130702794614594,0.001717961028693276,-0.0014268961054553044,-0.0013404354110686475,-0.0015697116119205198,-0.0012991674156091664
206,-0.013064742953139643,-0.008014066650363371,-0.008196190857648908,-0.014353265677206455,-0.008422489698832985,-0.00806659468044168,-0.009767617888238298,-0.011963581747587687,-0.009274859059142944,-0.011883297466819716
207,0.005234319789146887,0.007321906030709714,0.008060591193753089,0.005255600565723456,0.007802209911849712,0.008118893371417923,0.006606086929444155,0.007245751445116493,0.00629825170861532,0.005557533756926141
208,0.002904789236781224,0.003018811254153497,0.0032795679044168727,0.003762271542963959,0.0031427760578121204,0.003145043236221102,0.002662637007292536,0.002700774016872661,0.0028334266053323723,0.0024262210892424326
209,0.0018807776955915782,0.0024664770969359544,0.003333464326054577,0.001967671591284366,0.00333242913221824,0.0033208586032308592,0.0022323663663457666,0.002926385745576729,0.0028741780607653925,0.0020297359172335833
210,0.0040911372150746845,0.003885053400855364,0.004693297678430862,0.002996421053494089,0.004637985694589805,0.004643970114878132,0.0036084556669878556,0.004069327979321827,0.0051975872936248875,0.002608224861496267
211,0.0032329105347355266,0.00481414525620112,0.00407847838057758,0.004385365456641747,0.004286904033083508,0.004117408352659119,0.00509450754092895,0.004074810570517172,0.004269430477349924,0.0028512406291559753
212,0.0004904801918270922,0.0017105112722500557,0.0038634706989480578,0.0013468063977458383,0.003340748566497968,0.0032758559717390454,-0.0002207165555924925,0.00011380186601429122,0.0006508553999359245,0.0004987734134433558
213,0.008261573091843371,0.006001755039304002,0.005118355248146524,0.009379503287250426,0.005543073471241745,0.005242921006769461,0.006919509198786753,0.00846357212414181,0.006160651349497901,0.008653357005792192
214,0.0036371372654093255,0.002695163941238224,0.0030957881401218385,0.004660237024941194,0.002930527595258371,0.003076714818619493,0.003499011885362708,0.0032527058032288158,0.002668103609672204,0.005444230144055625
215,-0.00343033590438123,-0.003180455280945156,-0.0034362636589377643,-0.004298057296447078,-0.003532703832573723,-0.0034163517379661706,-0.0037492309723877962,-0.0043024408322823796,-0.0037756643922630014,-0.004636847890129947
216,-0.004366299559506266,-0.004339234128578114,-0.005461691196970341,-0.0055128185187984634,-0.005221366489067717,-0.005221675165465249,-0.004003019218556482,-0.005302214165202236,-0.0036608990911826678,-0.0036070729893052877
217,-0.007243137621151881,-0.005697214034546263,-0.0036136014955231058,-0.007457574490825325,-0.003723470423852999,-0.0037507961832586693,-0.006183019877358953,-0.00695397234242514,-0.006219324208048467,-0.0077169667680489044
218,0.0025778930328808195,0.002039542491183159,0.002917279768403667,0.0018630485038037812,0.0028936055641621793,0.002791586013944973,0.002363709085065502,0.001717209795640072,0.0015218604438836001,0.001768674115710784
219,-0.0010448791261374552,-0.0006566741213472388,0.0003631752926339565,-0.0018724899412014514,0.00025879223944748103,0.000324469054393194,-0.0015367076879846135,-0.001191931315015586,-0.0021926740607053946,-0.0011733496199315937
220,-0.0005768739122484312,0.0010581234202718197,-0.0002803361850820331,-0.0012715440961159725,-0.0003447403350304066,-0.00036184146751451626,0.0010027825157971455,-0.0007079904226911773,-0.0003375993728889548,-0.00010057241618759692
221,-0.008497949301144623,-0.006848164305245172,-0.007064836819637968,-0.008643466304928998,-0.007050718242574184,-0.007049399571345867,-0.006983909086923985,-0.008743130550900808,-0.007327109570515865,-0.008536514114113204
222,-0.0057013146596010394,-0.002034251753141072,-0.0016706240914805344,-0.00402301334455135,-0.0017500841458505828,-0.0018474834131495918,-0.0018885796633117925,-0.003457046769264835,-0.0033132785795851882,-0.0035720324966286767
223,-0.00636004170582895,-0.005958614416400924,-0.006004900585969846,-0.007081719761476909,-0.006009843115184914,-0.0062659111388755125,-0.006237822375364797,-0.006648155693815327,-0.005171786818788113,-0.006820574367161615
224,0.0019474952571659964,0.0032969861641345454,0.0012665268560960012,0.0010078231927314698,0.0012313563632629172,0.0015632699226480636,0.0029385020045767014,0.0029257739894994663,0.0024740593078297693,0.002509247026585078
225,0.005477325263223276,0.003581243285363559,0.004599243309098733,0.004074039903422426,0.004545842435711246,0.004672818273892455,0.002963893418875236,0.004373858036318506,0.0037626009700784764,0.004819896618818039
226,0.0014341580903635804,0.0002292336676911865,0.0008656967864512266,0.001633218527479779,0.0007355679051380755,0.0006751081705514801,0.00016563231874558773,-0.00031077212611699636,0.00022818643543889134,0.0023069127067423907
227,-0.02642711900337566,-0.022857928296384458,-0.024833782793565847,-0.026110333840496037,-0.024774846607623458,-0.024841801132069727,-0.021965098380365304,-0.02445155011243537,-0.02284680097380289,-0.025090517666865972
228,0.0032135220759070154,0.005602213559646174,0.0071949682885682755,0.00402933269676861,0.007078369380004355,0.006923711454203954,0.005002277460846293,0.003412545398163991,0.0043410105768664844,0.003502787304879103
229,-0.01883758477254883,-0.019664497385128467,-0.018542072794671564,-0.018151673064231738,-0.018640664295563006,-0.018762704321966684,-0.018947115169812682,-0.01896599807884101,-0.01978321471999247,-0.018625193437790503
230,-0.010104934283354157,-0.010435680042097155,-0.012665360609776499,-0.011419482287874597,-0.01228812462296862,-0.012588536018922625,-0.01045096192372593,-0.0110145815776845,-0.009528435416986168,-0.010742089759976313
231,0.019821411208733132,0.017669751021326174,0.01808830777169365,0.01952613353453667,0.018133298454084727,0.018270366605502353,0.017475165400750288,0.01946925115302362,0.01725790382235629,0.019354789908072177
232,0.00024306257164108283,0.0016479065384642718,-0.0010090343880738446,0.0012549528736936323,-0.0006838411686847979,-0.0007115826429983647,0.0025163315690612145,0.001069926223854348,0.0031543954656779857,0.0010872857377939847
233,0.018405040936827984,0.018152309905501544,0.01712208877232793,0.01970040260605527,0.017405615625296855,0.01738576981063661,0.019469635166933175,0.019430845986885926,0.020493164929595985,0.019231560844726606
234,0.013444096574863281,0.011832217709584215,0.014898187064156177,0.013477309709442019,0.014698420111595535,0.01462428803049912,0.011373551272354501,0.012426059610479085,0.011352257832698349,0.012534211133676785
235,-0.0011454951593241544,-0.001000087473517341,0.0003916779809900981,-2.2578092459142867e-06,0.00037542711630656346,0.00024264543884953326,-0.0011851465662040346,-1.0242650119703014e-05,-0.0011260214119108193,-0.0004972549589786154
236,0.0005674085330975115,-0.0009598680531162358,-0.00180602048076791,9.187397311283198e-05,-0.001729937198923198,-0.0017233397803813723,-0.00040499095448173235,-0.0003726983569185569,-1.635614755517254e-05,0.0007015678697109193
237,0.005929644573889734,0.006746387387597644,0.006073406520257747,0.0052150503866682085,0.0060399913822728945,0.006070390807062252,0.007161774034527929,0.00553320375083807,0.006471591079137942,0.0072196223868388806
238,-0.007362171808739448,-0.0076212494528088235,-0.009050233075342974,-0.007565023006556616,-0.008910401337356526,-0.00878455376891298,-0.007084882686109161,-0.007689779692538386,-0.004899951179962439,-0.0071390507985202864
239,-0.0005343187441295805,-0.0008750315268512892,-0.0015962488438422428,-0.0007280570614640793,-0.0013986787149058203,-0.0014650111767335965,-0.0010582526967048724,-0.0004984267925200495,-0.0004224778939927253,-0.001028489988118105
240,0.008873572611830255,0.010553444964927447,0.011884935344854344,0.008580871074854446,0.011704223563482212,0.01155923936436927,0.011170189630487066,0.00899234499479149,0.010037992608439522,0.010259058036458586
241,0.0024317555400812435,0.0015768426178035064,-0.0006424593760999292,0.0010105006733113436,-0.0002580416529614541,-0.00028730722416481377,0.0017736333229532175,0.00222946553926787,0.0017575297831370251,0.0018061372551927384
242,-0.01608300981779746,-0.01352516258200102,-0.012698482270739057,-0.01537863499462878,-0.012715402280673803,-0.012816132725821829,-0.013556356477052481,-0.014857446455753794,-0.015031917331666424,-0.014618584427648117
243,-0.01326867968046616,-0.010193300270215255,-0.01059478827880818,-0.013394227544072332,-0.010790783816198763,-0.010773271814141196,-0.010951926505262355,-0.012912284682299418,-0.01062439231675114,-0.011369126018811116
244,0.01774759269818095,0.01478558405179102,0.01694449099440678,0.01893521780591527,0.0169302530314196,0.016707379320678426,0.013962766186537289,0.017283794818813907,0.01458308855575762,0.01529201929193095
245,0.0061278984843400434,0.006155695375563227,0.006623841558533636,0.006474139122016467,0.006567924863923121,0.006622029003851407,0.006389144020967408,0.006260339842226886,0.006684671893427734,0.007283080089838395
246,0.005695177038061069,0.005245231966597482,0.00516222226555438,0.005422614430926566,0.0051966305663446654,0.0052151073876835164,0.005299370400009694,0.005940028823910047,0.005566350848134207,0.005507974086941972
247,0.008401932075581658,0.009337566167865565,0.010564538563663418,0.007780354091073056,0.010317963824416201,0.010289972229679931,0.008688363971807448,0.008150488768035586,0.008375157176894058,0.008147598634254412
248,0.0031254453106729606,0.0030866547425848307,0.0020705034209814645,0.0034624616849070226,0.002186772178777109,0.0022440900953046416,0.0033584646859127344,0.0034780808590884286,0.0038162350927383416,0.0037513878591389606
249,0.0028926466139879356,0.0024712508764904773,0.0018266237790111784,0.0028231923812379665,0.0019399745556939669,0.0018842743826240427,0.0025995361226143214,0.002564118121842679,0.0032565419038122693,0.0021698762696587943
250,-0.0017950637567885805,-0.0022819170272635773,-0.002655357601994301,-0.001529507180957325,-0.0026573577752351677,-0.002623802271777536,-0.002068986654588121,-0.0021115841442651377,-0.0018885207550702425,-0.0018137265635434937
251,-0.0009059300812968393,-0.0005658381215348238,-0.00177146848583748,-0.0012102057964530348,-0.0017325304348264918,-0.0016567799469926097,-0.0005529164160615696,-0.0008771505773622206,-0.00017358804564383216,-0.00022518752602042195
252,0.007244892801526653,0.007595363913891,0.00884560170054614,0.009296154767677173,0.008875349684920202,0.008801684489971102,0.008267979148841732,0.008715407438557275,0.007779773995236765,0.007879446895285835
253,0.00867205286375704,0.006675403834533638,0.005130917381230574,0.007997407481900401,0.0055182329594056535,0.005648109991762502,0.006448296491220962,0.00964291646106001,0.007580542672992328,0.0074399040659358165
254,-0.004882193517062953,-0.003944085147307302,-0.008601354729587767,-0.003477238950458241,-0.008150640182729676,-0.00818198604603944,-0.002132570801864321,-0.003969754937319068,-0.0025503759384613873,-0.0033538451458529923
255,1.74867293873006e-07,-0.0022898146686785525,-0.0020027438154978988,-0.0025553779028811164,-0.0022271201643572856,-0.0020432133264773897,-0.003434951131402455,-0.0016814609449896285,-0.0015886718753965827,-0.001197623447446062
256,0.003026141242446596,0.002143285356777659,0.0018639000854932977,0.002494582798924419,0.001930714335330396,0.0021032434471487424,0.002987471245010454,0.004071291613199997,0.003151156722216189,0.002253318482918456
